batch_id,corp_code,stock_code,corp_name,stock_name,corp_cls,market,induty_code,acc_mt,collected_at
kosdaq_001,01516933,0001A0,(주)덕양에너젠,덕양에너젠,K,KOSDAQ,352,12,2026-05-08T10:02:26
kosdaq_001,00128546,000250,삼천당제약(주),삼천당제약,K,KOSDAQ,212,12,2026-05-08T10:02:32
kosdaq_001,00149770,000440,(주)중앙에너비스,중앙에너비스,K,KOSDAQ,46712,12,2026-05-08T10:02:45
kosdaq_001,00924931,0004V0,(주)엔비알모션,엔비알모션,K,KOSDAQ,259,12,2026-05-08T10:02:50
kosdaq_001,01884065,0004Y0,디비금융제14호기업인수목적 주식회사,디비금융제14호스팩,K,KOSDAQ,649,12,2026-05-08T10:02:51
kosdaq_001,01829819,0007C0,(주)아크릴,아크릴,K,KOSDAQ,58222,12,2026-05-08T10:03:09
kosdaq_001,01869710,0007J0,주식회사 인벤테라,인벤테라,K,KOSDAQ,70113,12,2026-05-08T10:03:11
kosdaq_001,01294110,0008Z0,에스엔시스(주),에스엔시스,K,KOSDAQ,28123,12,2026-05-08T10:03:20
kosdaq_001,01781999,0009K0,(주)에임드바이오,에임드바이오,K,KOSDAQ,70113,12,2026-05-08T10:03:26
kosdaq_001,00135999,001000,신라섬유(주),신라섬유,K,KOSDAQ,681,12,2026-05-08T10:03:27
kosdaq_001,00871587,0010F0,(주)보원케미칼,보원케미칼,K,KOSDAQ,2221,12,2026-05-08T10:03:34
kosdaq_001,00185301,0010V0,제이피아이헬스케어(주),제이피아이헬스케어,K,KOSDAQ,27199,12,2026-05-08T10:03:35
kosdaq_001,01554508,0011A0,(주)액스비스,액스비스,K,KOSDAQ,289,12,2026-05-08T10:03:42
kosdaq_001,01279698,0011T0,채비(주),채비,K,KOSDAQ,28119,12,2026-05-08T10:03:43
kosdaq_001,01370322,0013V0,삼진식품(주),삼진식품,K,KOSDAQ,10211,12,2026-05-08T10:04:03
kosdaq_001,00139205,001540,안국약품(주),안국약품,K,KOSDAQ,212,12,2026-05-08T10:04:18
kosdaq_001,00677486,0015G0,(주)그린광학,그린광학,K,KOSDAQ,273,12,2026-05-08T10:04:25
kosdaq_001,01381805,0015N0,주식회사 아로마티카,아로마티카,K,KOSDAQ,20423,12,2026-05-08T10:04:26
kosdaq_001,01817920,0015S0,주식회사 페스카로,페스카로,K,KOSDAQ,739,12,2026-05-08T10:04:27
kosdaq_001,00121507,001810,무림에스피(주),무림SP,K,KOSDAQ,171,12,2026-05-08T10:04:42
kosdaq_001,00145668,001840,이화공영(주),이화공영,K,KOSDAQ,411,12,2026-05-08T10:04:46
kosdaq_001,00155638,002230,피에스텍(주),피에스텍,K,KOSDAQ,27214,12,2026-05-08T10:05:07
kosdaq_001,00127936,002290,(주)삼일기업공사,삼일기업공사,K,KOSDAQ,411,12,2026-05-08T10:05:12
kosdaq_001,00140566,002680,(주)한탑,한탑,K,KOSDAQ,105,12,2026-05-08T10:05:37
kosdaq_001,00136448,002800,신신제약(주),신신제약,K,KOSDAQ,212,12,2026-05-08T10:05:47
kosdaq_001,00131896,003100,(주)선광,선광,K,KOSDAQ,52942,12,2026-05-08T10:06:16
kosdaq_001,00112457,003310,대주산업(주),대주산업,K,KOSDAQ,109,12,2026-05-08T10:06:29
kosdaq_001,00148364,003380,(주)하림지주,하림지주,K,KOSDAQ,64992,12,2026-05-08T10:06:33
kosdaq_001,01902990,0037T0,케이비제32호기업인수목적(주),KB제32호스팩,K,KOSDAQ,66199,12,2026-05-08T10:07:04
kosdaq_001,00140052,003800,(주)에이스침대,에이스침대,K,KOSDAQ,32029,12,2026-05-08T10:07:05
kosdaq_001,01910324,0041B0,교보18호기업인수목적 주식회사,교보18호스팩,K,KOSDAQ,66199,12,2026-05-08T10:07:31
kosdaq_001,01906552,0041J0,엘에스기업인수목적1호 주식회사,엘에스스팩1호,K,KOSDAQ,661,12,2026-05-08T10:07:33
kosdaq_001,01906598,0041L0,하나35호기업인수목적 주식회사,하나35호스팩,K,KOSDAQ,66199,12,2026-05-08T10:07:34
kosdaq_001,01910759,0044K0,삼성기업인수목적10호(주),삼성스팩10호,K,KOSDAQ,66199,12,2026-05-08T10:07:51
kosdaq_001,00156442,004590,(주)한국가구,한국가구,K,KOSDAQ,478,12,2026-05-08T10:07:58
kosdaq_001,00123523,004650,(주)창해에탄올,창해에탄올,K,KOSDAQ,11121,12,2026-05-08T10:08:01
kosdaq_001,00109587,004780,(주)대륙제관,대륙제관,K,KOSDAQ,25991,12,2026-05-08T10:08:10
kosdaq_001,00172680,005160,동국산업(주),동국산업,K,KOSDAQ,24122,12,2026-05-08T10:08:35
kosdaq_001,00118804,005290,(주)동진쎄미켐,동진쎄미켐,K,KOSDAQ,20129,12,2026-05-08T10:08:42
kosdaq_001,01931585,0054V0,엔에이치기업인수목적32호 주식회사,엔에이치스팩32호,K,KOSDAQ,6619,12,2026-05-08T10:09:00
kosdaq_001,00165103,005670,(주)푸드웰,푸드웰,K,KOSDAQ,1030,12,2026-05-08T10:09:07
kosdaq_001,00111874,005710,대원산업(주),대원산업,K,KOSDAQ,303,12,2026-05-08T10:09:11
kosdaq_001,00162911,005860,한일사료(주),한일사료,K,KOSDAQ,109,12,2026-05-08T10:09:23
kosdaq_001,00120924,005990,매일홀딩스(주),매일홀딩스,K,KOSDAQ,104,12,2026-05-08T10:09:35
kosdaq_001,00104537,006050,(주)국영지앤엠,국영지앤엠,K,KOSDAQ,231,12,2026-05-08T10:09:37
kosdaq_001,00155735,006140,(주)피제이전자,피제이전자,K,KOSDAQ,27112,12,2026-05-08T10:09:44
kosdaq_001,00114686,006620,(주)동구바이오제약,동구바이오제약,K,KOSDAQ,212,12,2026-05-08T10:10:07
kosdaq_001,00130383,006730,(주)서부티엔디,서부T&D,K,KOSDAQ,551,12,2026-05-08T10:10:13
kosdaq_001,01933981,0068Y0,비엔케이제3호기업인수목적(주),비엔케이제3호스팩,K,KOSDAQ,66199,12,2026-05-08T10:10:22
kosdaq_001,00267881,006910,보성파워텍(주),보성파워텍,K,KOSDAQ,2511,12,2026-05-08T10:10:23
kosdaq_001,00163318,006920,(주)모헨즈,모헨즈,K,KOSDAQ,23322,12,2026-05-08T10:10:24
kosdaq_001,01935183,0071M0,삼성기업인수목적11호(주),삼성스팩11호,K,KOSDAQ,66199,12,2026-05-08T10:10:37
kosdaq_001,01934935,0072Z0,케이비제33호기업인수목적(주),KB제33호스팩,K,KOSDAQ,66199,12,2026-05-08T10:10:42
kosdaq_001,00124805,007330,(주)푸른저축은행,푸른저축은행,K,KOSDAQ,64132,12,2026-05-08T10:10:44
kosdaq_001,00150536,007370,진양제약(주),진양제약,K,KOSDAQ,212,12,2026-05-08T10:10:46
kosdaq_001,00117276,007390,(주)네이처셀,네이처셀,K,KOSDAQ,211,12,2026-05-08T10:10:48
kosdaq_001,00140858,007530,(주)와이엠,와이엠,K,KOSDAQ,259,12,2026-05-08T10:10:53
kosdaq_001,00111838,007680,(주)대원,대원,K,KOSDAQ,41112,12,2026-05-08T10:11:02
kosdaq_001,00104810,007720,(주)소노스퀘어,소노스퀘어,K,KOSDAQ,468,12,2026-05-08T10:11:06
kosdaq_001,00267979,007770,한일화학공업(주),한일화학,K,KOSDAQ,201,12,2026-05-08T10:11:07
kosdaq_001,00137915,007820,(주)엠엑스로보틱스,엠엑스로보틱스,K,KOSDAQ,29169,12,2026-05-08T10:11:10
kosdaq_001,00144021,008290,원풍물산(주),원풍물산,K,KOSDAQ,14111,12,2026-05-08T10:11:29
kosdaq_001,01782183,0082N0,(주)카나프테라퓨틱스,카나프테라퓨틱스,K,KOSDAQ,70113,12,2026-05-08T10:11:30
kosdaq_001,00144012,008370,(주)원풍,원풍,K,KOSDAQ,22212,12,2026-05-08T10:11:35
kosdaq_001,00124276,008470,(주)부-스타,부스타,K,KOSDAQ,25130,12,2026-05-08T10:11:40
kosdaq_001,00109310,008830,대동기어(주),대동기어,K,KOSDAQ,292,12,2026-05-08T10:11:55
kosdaq_001,01958111,0088D0,메리츠제1호기업인수목적 (주),메리츠제1호스팩,K,KOSDAQ,66199,12,2026-05-08T10:11:58
kosdaq_001,01780608,0088M0,(주)메쥬,메쥬,K,KOSDAQ,27112,12,2026-05-08T10:11:59
kosdaq_001,01945339,0091W0,신영해피투모로우제11호기업인수목적(주),신영스팩11호,K,KOSDAQ,6619,12,2026-05-08T10:12:14
kosdaq_001,00126788,009300,삼아제약(주),삼아제약,K,KOSDAQ,212,12,2026-05-08T10:12:22
kosdaq_001,01947072,0093G0,미래에셋비전기업인수목적8호 주식회사,미래에셋비전스팩8호,K,KOSDAQ,66199,12,2026-05-08T10:12:28
kosdaq_001,00128111,009520,(주)포스코엠텍,포스코엠텍,K,KOSDAQ,24199,12,2026-05-08T10:12:36
kosdaq_001,00125822,009620,삼보산업 주식회사,삼보산업,K,KOSDAQ,24222,12,2026-05-08T10:12:40
kosdaq_001,01946532,0096B0,삼성기업인수목적12호(주),삼성스팩12호,K,KOSDAQ,64999,12,2026-05-08T10:12:43
kosdaq_001,01946596,0096D0,미래에셋비전기업인수목적9호 주식회사,미래에셋비전스팩9호,K,KOSDAQ,66199,12,2026-05-08T10:12:45
kosdaq_001,00116426,009730,(주)이렘,이렘,K,KOSDAQ,2413,12,2026-05-08T10:12:48
kosdaq_001,00121154,009780,(주)엠에스씨,엠에스씨,K,KOSDAQ,108,12,2026-05-08T10:12:52
kosdaq_001,01949469,0097F0,미래에셋비전기업인수목적10호 주식회사,미래에셋비전스팩10호,K,KOSDAQ,66199,12,2026-05-08T10:12:54
kosdaq_001,01949140,0098T0,교보19호기업인수목적 주식회사,교보19호스팩,K,KOSDAQ,66199,12,2026-05-08T10:12:59
kosdaq_001,01948220,0099W0,미래에셋비전기업인수목적11호 주식회사,미래에셋비전스팩11호,K,KOSDAQ,66199,12,2026-05-08T10:13:03
kosdaq_001,01949584,0099X0,아이비케이에스제25호기업인수목적 주식회사,IBKS제25호스팩,K,KOSDAQ,66199,12,2026-05-08T10:13:05
kosdaq_001,00113261,010170,대한광통신(주),대한광통신,K,KOSDAQ,283,12,2026-05-08T10:13:17
kosdaq_001,01949195,0101C0,하나36호기업인수목적 주식회사,하나36호스팩,K,KOSDAQ,66199,12,2026-05-08T10:13:19
kosdaq_001,00167031,010240,(주)흥국,흥국,K,KOSDAQ,29241,12,2026-05-08T10:13:21
kosdaq_001,00138303,010280,(주)아이티센엔텍,아이티센엔텍,K,KOSDAQ,62021,12,2026-05-08T10:13:22
kosdaq_001,00141671,010470,(주)오리콤,오리콤,K,KOSDAQ,71310,12,2026-05-08T10:13:27
kosdaq_001,01954832,0105P0,유진기업인수목적12호 주식회사,유진스팩12호,K,KOSDAQ,66199,12,2026-05-08T10:13:31
kosdaq_001,00101549,011040,경동제약(주),경동제약,K,KOSDAQ,212,12,2026-05-08T10:13:52
kosdaq_001,00142713,011080,(주)형지아이앤씨,형지I&C,K,KOSDAQ,1419,12,2026-05-08T10:13:58
kosdaq_001,00147152,011320,(주)유니크,유니크,K,KOSDAQ,303,12,2026-05-08T10:14:14
kosdaq_001,00131504,011370,(주)서한,서한,K,KOSDAQ,41112,12,2026-05-08T10:14:17
kosdaq_001,00133876,011560,(주)세보엠이씨,세보엠이씨,K,KOSDAQ,422,12,2026-05-08T10:14:26
kosdaq_001,01957909,0115H0,삼성기업인수목적13호(주),삼성스팩13호,K,KOSDAQ,66199,12,2026-05-08T10:14:28
kosdaq_001,00125664,012210,삼미금속(주),삼미금속,K,KOSDAQ,25912,12,2026-05-08T10:14:58
kosdaq_001,00105040,012340,(주)뉴인텍,뉴인텍,K,KOSDAQ,303,12,2026-05-08T10:15:06
kosdaq_001,00143907,012620,(주)원일특강,원일특강,K,KOSDAQ,24123,12,2026-05-08T10:15:22
kosdaq_001,00117708,012700,(주)리드코프,리드코프,K,KOSDAQ,46712,12,2026-05-08T10:15:29
kosdaq_001,00137058,012790,신일제약(주),신일제약,K,KOSDAQ,212,12,2026-05-08T10:15:34
kosdaq_001,00137234,012860,(주)모베이스전자,모베이스전자,K,KOSDAQ,303,12,2026-05-08T10:15:38
kosdaq_001,01963140,0129K0,신한제18호기업인수목적주식회사,신한제18호스팩,K,KOSDAQ,661,12,2026-05-08T10:15:41
kosdaq_001,00165060,013030,하이록코리아(주),하이록코리아,K,KOSDAQ,241,12,2026-05-08T10:15:44
kosdaq_001,01963520,0130D0,신한제17호기업인수목적 주식회사,신한제17호스팩,K,KOSDAQ,661,12,2026-05-08T10:15:45
kosdaq_001,01965698,0130H0,엔에이치기업인수목적33호(주),엔에이치스팩33호,K,KOSDAQ,661,12,2026-05-08T10:15:48
kosdaq_001,00117966,013120,(주)동원개발,동원개발,K,KOSDAQ,41112,12,2026-05-08T10:15:49
kosdaq_001,01964246,0131D0,키움히어로제2호기업인수목적 주식회사,키움히어로제2호스팩,K,KOSDAQ,66199,12,2026-05-08T10:15:51
kosdaq_001,01985203,0132G0,교보20호기업인수목적 주식회사,교보20호스팩,K,KOSDAQ,649,12,2026-05-08T10:15:55
kosdaq_001,00139083,013310,아진산업(주),아진산업,K,KOSDAQ,303,12,2026-05-08T10:15:56
kosdaq_001,00151605,013720,더큐브앤(주),THE CUBE&,K,KOSDAQ,303,12,2026-05-08T10:16:15
kosdaq_001,00136165,013810,(주)스페코,스페코,K,KOSDAQ,29229,12,2026-05-08T10:16:18
kosdaq_001,00138446,013990,(주)아가방앤컴퍼니,아가방컴퍼니,K,KOSDAQ,46414,12,2026-05-08T10:16:23
kosdaq_001,00267854,014100,메디앙스(주),메디앙스,K,KOSDAQ,468,12,2026-05-08T10:16:26
kosdaq_001,00128175,014190,(주)원익큐브,원익큐브,K,KOSDAQ,46739,12,2026-05-08T10:16:30
kosdaq_001,00243067,014470,(주)부방,부방,K,KOSDAQ,681,12,2026-05-08T10:16:40
kosdaq_001,00103015,014570,고려제약(주),고려제약,K,KOSDAQ,212,12,2026-05-08T10:16:43
kosdaq_001,00132318,014620,(주)성광벤드,성광벤드,K,KOSDAQ,24133,12,2026-05-08T10:16:48
kosdaq_001,00141608,014940,(주)오리엔탈정공,오리엔탈정공,K,KOSDAQ,291,12,2026-05-08T10:16:59
kosdaq_001,00127875,014950,삼익제약(주),삼익제약,K,KOSDAQ,21212,12,2026-05-08T10:17:01
kosdaq_001,00125488,014970,삼륭물산(주),삼륭물산,K,KOSDAQ,17223,12,2026-05-08T10:17:03
kosdaq_001,00187725,015710,(주)코콤,코콤,K,KOSDAQ,26410,12,2026-05-08T10:17:26
kosdaq_001,00132992,015750,(주)성우하이텍,성우하이텍,K,KOSDAQ,303,12,2026-05-08T10:17:27
kosdaq_001,00180263,016100,(주)리더스코스메틱,리더스코스메틱,K,KOSDAQ,172,12,2026-05-08T10:17:37
kosdaq_001,00141246,016250,에스지씨이앤씨(주),SGC E&C,K,KOSDAQ,4112,12,2026-05-08T10:17:43
kosdaq_001,00267942,016600,큐캐피탈파트너스(주),큐캐피탈,K,KOSDAQ,649,12,2026-05-08T10:17:58
kosdaq_001,00125725,016670,(주)디모아,디모아,K,KOSDAQ,467,12,2026-05-08T10:18:02
kosdaq_001,00164618,016790,현대사료(주),현대사료,K,KOSDAQ,109,12,2026-05-08T10:18:06
kosdaq_001,00152260,016920,(주)카스,카스,K,KOSDAQ,465,12,2026-05-08T10:18:13
kosdaq_001,00136925,017000,신원종합개발(주),신원종합개발,K,KOSDAQ,41112,12,2026-05-08T10:18:18
kosdaq_001,00145914,017250,(주)인터엠,인터엠,K,KOSDAQ,265,09,2026-05-08T10:18:28
kosdaq_001,00128926,017480,삼현철강(주),삼현철강,K,KOSDAQ,2419,12,2026-05-08T10:18:34
kosdaq_001,00133751,017510,세명전기공업(주),세명전기,K,KOSDAQ,2599,12,2026-05-08T10:18:35
kosdaq_001,00109781,017650,(주)대림제지,대림제지,K,KOSDAQ,179,12,2026-05-08T10:18:38
kosdaq_001,00158565,017890,한국알콜산업(주),한국알콜,K,KOSDAQ,204,12,2026-05-08T10:18:47
kosdaq_001,00144243,018000,유니슨(주),유니슨,K,KOSDAQ,29119,12,2026-05-08T10:18:53
kosdaq_001,00170877,018120,(주)진로발효,진로발효,K,KOSDAQ,11121,12,2026-05-08T10:18:54
kosdaq_001,00150165,018290,(주)브이티,브이티,K,KOSDAQ,204,12,2026-05-08T10:19:01
kosdaq_001,00125646,018310,삼목에스폼(주),삼목에스폼,K,KOSDAQ,2511,12,2026-05-08T10:19:02
kosdaq_001,00103547,018620,우진비앤지(주),우진비앤지,K,KOSDAQ,21230,12,2026-05-08T10:19:07
kosdaq_001,00131018,018680,(주)서울제약,서울제약,K,KOSDAQ,2121,12,2026-05-08T10:19:11
kosdaq_001,00122205,018700,(주)바른손,바른손,K,KOSDAQ,464,12,2026-05-08T10:19:12
kosdaq_001,00267906,019010,베뉴지(주),베뉴지,K,KOSDAQ,47111,12,2026-05-08T10:19:17
kosdaq_001,00139719,019210,(주)와이지-원,와이지-원,K,KOSDAQ,25934,12,2026-05-08T10:19:23
kosdaq_001,00146560,019540,(주)일지테크,일지테크,K,KOSDAQ,303,12,2026-05-08T10:19:31
kosdaq_001,00156910,019550,에스비아이인베스트먼트(주),SBI인베스트먼트,K,KOSDAQ,64209,12,2026-05-08T10:19:33
kosdaq_001,00110750,019570,(주)플루토스투자,플루토스,K,KOSDAQ,64209,12,2026-05-08T10:19:35
kosdaq_001,00159731,019660,글로본(주),글로본,K,KOSDAQ,468,12,2026-05-08T10:19:39
kosdaq_001,00153278,019770,(주)서연탑메탈,서연탑메탈,K,KOSDAQ,292,12,2026-05-08T10:19:42
kosdaq_001,00169215,019990,(주)에너토크,에너토크,K,KOSDAQ,29133,12,2026-05-08T10:19:45
kosdaq_001,00110875,020180,대신정보통신(주),대신정보통신,K,KOSDAQ,62021,03,2026-05-08T10:19:51
kosdaq_001,00191287,020400,대동금속(주),대동금속,K,KOSDAQ,24312,12,2026-05-08T10:19:53
kosdaq_001,00170026,020710,(주)시공테크,시공테크,K,KOSDAQ,732,12,2026-05-08T10:19:57
kosdaq_001,00166175,021040,(주)대호특수강,대호특수강,K,KOSDAQ,24123,12,2026-05-08T10:20:01
kosdaq_001,00161462,021080,(주)에이티넘인베스트먼트,에이티넘인베스트,K,KOSDAQ,64209,12,2026-05-08T10:20:06
kosdaq_001,00105466,021320,(주)케이씨씨건설,KCC건설,K,KOSDAQ,41112,12,2026-05-08T10:20:08
kosdaq_001,00160010,021650,(주)한국큐빅,한국큐빅,K,KOSDAQ,2229,12,2026-05-08T10:20:11
kosdaq_001,00136101,021880,메이슨캐피탈주식회사,메이슨캐피탈,K,KOSDAQ,64911,03,2026-05-08T10:20:14
kosdaq_001,00140061,022220,티케이지애강(주),티케이지애강,K,KOSDAQ,22211,12,2026-05-08T10:20:18
kosdaq_001,00153375,023160,(주)태광,태광,K,KOSDAQ,2413,12,2026-05-08T10:20:26
kosdaq_001,00184667,023410,유진기업(주),유진기업,K,KOSDAQ,23322,12,2026-05-08T10:20:29
kosdaq_001,00148531,023440,제이스코홀딩스(주),제이스코홀딩스,K,KOSDAQ,24121,12,2026-05-08T10:20:33
kosdaq_001,00125938,023600,삼보판지(주),삼보판지,K,KOSDAQ,171,12,2026-05-08T10:20:41
kosdaq_001,00149594,023760,한국캐피탈(주),한국캐피탈,K,KOSDAQ,64911,12,2026-05-08T10:20:43
kosdaq_001,00138367,023770,(주)플레이위드코리아,플레이위드,K,KOSDAQ,582,12,2026-05-08T10:20:44
kosdaq_001,00172945,023790,동일스틸럭스(주),동일스틸럭스,K,KOSDAQ,24121,12,2026-05-08T10:20:46
kosdaq_001,00155452,023900,풍국주정공업(주),풍국주정,K,KOSDAQ,11121,12,2026-05-08T10:20:50
kosdaq_001,00113128,023910,대한약품공업(주),대한약품,K,KOSDAQ,212,12,2026-05-08T10:20:51
kosdaq_001,00167004,024060,흥구석유(주),흥구석유,K,KOSDAQ,46712,12,2026-05-08T10:20:54
kosdaq_001,00157539,024120,KB오토시스(주),KB오토시스,K,KOSDAQ,303,12,2026-05-08T10:20:59
kosdaq_001,00162832,024740,한일단조공업(주),한일단조,K,KOSDAQ,303,12,2026-05-08T10:21:03
kosdaq_001,00173999,024800,(주)유성티엔에스,유성티엔에스,K,KOSDAQ,492,12,2026-05-08T10:21:04
kosdaq_001,00173591,024830,(주)세원물산,세원물산,K,KOSDAQ,303,12,2026-05-08T10:21:06
kosdaq_001,00158024,024840,케이비아이메탈(주),KBI메탈,K,KOSDAQ,242,12,2026-05-08T10:21:07
kosdaq_001,00155586,024850,에이치엘비이노베이션(주),HLB이노베이션,K,KOSDAQ,2629,12,2026-05-08T10:21:09
kosdaq_001,00157636,024880,(주)케이피에프,케이피에프,K,KOSDAQ,259,12,2026-05-08T10:21:11
kosdaq_001,00102353,024910,경창산업(주),경창산업,K,KOSDAQ,30331,12,2026-05-08T10:21:15
kosdaq_001,00133557,024940,(주)피엔풍년,PN풍년,K,KOSDAQ,464,12,2026-05-08T10:21:16
kosdaq_001,00128607,024950,삼천리자전거(주),삼천리자전거,K,KOSDAQ,46465,12,2026-05-08T10:21:17
kosdaq_001,00203023,025320,(주)시노펙스,시노펙스,K,KOSDAQ,2629,12,2026-05-08T10:21:21
kosdaq_001,00110583,025440,(주)디에이치오토웨어,DH오토웨어,K,KOSDAQ,265,12,2026-05-08T10:21:23
kosdaq_001,00158015,025550,한국선재(주),한국선재,K,KOSDAQ,24123,12,2026-05-08T10:21:30
kosdaq_001,00159342,025770,한국정보통신(주),한국정보통신,K,KOSDAQ,61299,12,2026-05-08T10:21:36
kosdaq_001,00136004,025870,신라에스지(주),신라에스지,K,KOSDAQ,463,12,2026-05-08T10:21:43
kosdaq_001,00101752,025880,(주)케이씨피드,케이씨피드,K,KOSDAQ,109,12,2026-05-08T10:21:44
kosdaq_001,00173032,025900,동화기업(주),동화기업,K,KOSDAQ,16212,12,2026-05-08T10:21:46
kosdaq_001,00116408,025950,동신건설(주),동신건설,K,KOSDAQ,41221,12,2026-05-08T10:21:50
kosdaq_001,00161781,025980,(주)아난티,아난티,K,KOSDAQ,551,12,2026-05-08T10:21:52
kosdaq_001,00120289,026040,(주)제이에스티나,제이에스티나,K,KOSDAQ,331,12,2026-05-08T10:21:53
kosdaq_001,00186939,026150,(주)특수건설,특수건설,K,KOSDAQ,412,12,2026-05-08T10:21:54
kosdaq_001,00104120,026910,광진실업(주),광진실업,K,KOSDAQ,24121,12,2026-05-08T10:22:06
kosdaq_001,00130587,027040,서울전자통신(주),서울전자통신,K,KOSDAQ,281,12,2026-05-08T10:22:11
kosdaq_001,00152589,027050,(주)코리아나화장품,코리아나,K,KOSDAQ,20423,12,2026-05-08T10:22:12
kosdaq_001,00156895,027360,아주아이비투자(주),아주IB투자,K,KOSDAQ,649,12,2026-05-08T10:22:14
kosdaq_001,00129615,027580,(주)상보,상보,K,KOSDAQ,222,12,2026-05-08T10:22:19
kosdaq_001,00192499,027710,(주)팜스토리,팜스토리,K,KOSDAQ,109,12,2026-05-08T10:22:21
kosdaq_001,00109037,027830,대성창업투자(주),대성창투,K,KOSDAQ,64209,12,2026-05-08T10:22:24
kosdaq_001,00219440,028080,(주)휴맥스홀딩스,휴맥스홀딩스,K,KOSDAQ,620,12,2026-05-08T10:22:29
kosdaq_001,00199252,028300,에이치엘비(주),HLB,K,KOSDAQ,213,12,2026-05-08T10:22:35
kosdaq_001,00186452,029480,(주)광무,광무,K,KOSDAQ,26410,12,2026-05-08T10:22:39
kosdaq_001,00230036,030350,(주)드래곤플라이,드래곤플라이,K,KOSDAQ,5821,12,2026-05-08T10:22:51
kosdaq_001,00204262,030520,(주)한글과컴퓨터,한글과컴퓨터,K,KOSDAQ,582,12,2026-05-08T10:22:54
kosdaq_001,00216647,030530,(주)원익홀딩스,원익홀딩스,K,KOSDAQ,201,12,2026-05-08T10:22:56
kosdaq_001,00139685,030960,(주)양지사,양지사,K,KOSDAQ,1811,06,2026-05-08T10:23:01
kosdaq_001,00200910,031310,(주)아이즈비전,아이즈비전,K,KOSDAQ,612,12,2026-05-08T10:23:05
kosdaq_001,00128661,031330,(주)에스에이엠티,에스에이엠티,K,KOSDAQ,4659,12,2026-05-08T10:23:06
kosdaq_001,00175173,031510,(주)오스템,오스템,K,KOSDAQ,303,12,2026-05-08T10:23:11
kosdaq_001,00180865,031860,디에이치엑스컴퍼니(주),디에이치엑스컴퍼니,K,KOSDAQ,46800,12,2026-05-08T10:23:15
kosdaq_001,00208444,031980,피에스케이홀딩스(주),피에스케이홀딩스,K,KOSDAQ,29271,12,2026-05-08T10:23:21
kosdaq_001,00201131,032080,(주)아즈텍더블유비이,아즈텍WB,K,KOSDAQ,13402,12,2026-05-08T10:23:27
kosdaq_001,00238782,032190,(주)다우데이타,다우데이타,K,KOSDAQ,46510,12,2026-05-08T10:23:31
kosdaq_001,00127909,032280,(주)삼일,삼일,K,KOSDAQ,49309,12,2026-05-08T10:23:32
kosdaq_001,00187770,032300,(주)한국파마,한국파마,K,KOSDAQ,212,12,2026-05-08T10:23:35
kosdaq_001,00226352,032500,(주)케이엠더블유,케이엠더블유,K,KOSDAQ,2642,12,2026-05-08T10:23:41
kosdaq_001,00201733,032540,티제이미디어(주),TJ미디어,K,KOSDAQ,265,12,2026-05-08T10:23:43
kosdaq_001,00189538,032580,(주)피델릭스,피델릭스,K,KOSDAQ,2611,12,2026-05-08T10:23:46
kosdaq_001,00220057,032620,(주)GC메디아이,GC메디아이,K,KOSDAQ,58221,12,2026-05-08T10:23:51
kosdaq_001,00204226,032680,(주) 소프트센,소프트센,K,KOSDAQ,639,12,2026-05-08T10:23:54
kosdaq_001,00173351,032750,(주)삼진,삼진,K,KOSDAQ,264,12,2026-05-08T10:23:56
kosdaq_001,00110884,032790,(주)엠젠솔루션,엠젠솔루션,K,KOSDAQ,46510,12,2026-05-08T10:23:57
kosdaq_001,00231691,032800,(주)판타지오,판타지오,K,KOSDAQ,901,06,2026-05-08T10:23:58
kosdaq_001,00231044,032820,(주)우리기술,우리기술,K,KOSDAQ,281,12,2026-05-08T10:24:00
kosdaq_001,00231707,032850,(주)비트컴퓨터,비트컴퓨터,K,KOSDAQ,58221,12,2026-05-08T10:24:02
kosdaq_001,00205687,032860,더라미(주),더라미,K,KOSDAQ,383,12,2026-05-08T10:24:03
kosdaq_001,00210980,032940,(주)원익,원익,K,KOSDAQ,4659,12,2026-05-08T10:24:06
kosdaq_001,00199076,032960,(주)동일기연,동일기연,K,KOSDAQ,2629,12,2026-05-08T10:24:07
kosdaq_001,00232089,032980,바이온(주),바이온,K,KOSDAQ,463,12,2026-05-08T10:24:08
kosdaq_001,00222435,033050,제이엠아이(주),제이엠아이,K,KOSDAQ,204,12,2026-05-08T10:24:13
kosdaq_001,00185356,033100,제룡전기(주),제룡전기,K,KOSDAQ,2811,12,2026-05-08T10:24:14
kosdaq_001,00231442,033130,(주)디지틀조선일보,디지틀조선,K,KOSDAQ,631,12,2026-05-08T10:24:16
kosdaq_001,00121686,033160,엠케이전자(주),엠케이전자,K,KOSDAQ,262,12,2026-05-08T10:24:17
kosdaq_001,00158219,033170,시그네틱스(주),시그네틱스,K,KOSDAQ,2612,12,2026-05-08T10:24:19
kosdaq_001,00241209,033200,(주)모아텍,모아텍,K,KOSDAQ,2629,03,2026-05-08T10:24:22
kosdaq_001,00229021,033230,(주)인성정보,인성정보,K,KOSDAQ,62021,12,2026-05-08T10:24:26
kosdaq_001,00155948,033290,로젠(주),로젠,K,KOSDAQ,474,12,2026-05-08T10:24:34
kosdaq_001,00143226,033310,(주)엠투엔,엠투엔,K,KOSDAQ,26299,12,2026-05-08T10:24:36
kosdaq_001,00223513,033320,제이씨현시스템(주),제이씨현시스템,K,KOSDAQ,46510,12,2026-05-08T10:24:37
kosdaq_001,00205003,033340,(주)좋은사람들,좋은사람들,K,KOSDAQ,14120,12,2026-05-08T10:24:39
kosdaq_001,00231105,033500,(주)동성화인텍,동성화인텍,K,KOSDAQ,201,12,2026-05-08T10:24:42
kosdaq_001,00105138,033540,주식회사 파라텍,파라텍,K,KOSDAQ,292,12,2026-05-08T10:24:44
kosdaq_001,00238001,033560,(주)블루콤,블루콤,K,KOSDAQ,26529,12,2026-05-08T10:24:47
kosdaq_001,00227333,033640,(주)네패스,네패스,K,KOSDAQ,261,12,2026-05-08T10:24:50
kosdaq_001,00276083,033790,(주)피노,피노,K,KOSDAQ,282,12,2026-05-08T10:24:55
kosdaq_001,00204642,033830,(주)티비씨,티비씨,K,KOSDAQ,60210,12,2026-05-08T10:24:56
kosdaq_001,00219361,034810,해성산업(주),해성산업,K,KOSDAQ,649,12,2026-05-08T10:25:19
kosdaq_001,00231831,034940,조아제약(주),조아제약,K,KOSDAQ,212,12,2026-05-08T10:25:21
kosdaq_001,00156956,034950,한국기업평가(주),한국기업평가,K,KOSDAQ,75993,12,2026-05-08T10:25:22
kosdaq_001,00244561,035080,(주)그래디언트,그래디언트,K,KOSDAQ,479,12,2026-05-08T10:25:26
kosdaq_001,00356389,035200,(주)프럼파스트,프럼파스트,K,KOSDAQ,22211,12,2026-05-08T10:25:28
kosdaq_001,00249502,035290,(주)골드앤에스,골드앤에스,K,KOSDAQ,581,12,2026-05-08T10:25:33
kosdaq_001,00258421,035460,(주)기산텔레콤,기산텔레콤,K,KOSDAQ,2642,12,2026-05-08T10:25:39
kosdaq_001,00264547,035600,(주)케이지이니시스,KG이니시스,K,KOSDAQ,58221,12,2026-05-08T10:25:44
kosdaq_001,00249982,035610,(주)솔본,솔본,K,KOSDAQ,715,12,2026-05-08T10:25:45
kosdaq_001,00259590,035620,(주)바른손이앤에이,바른손이앤에이,K,KOSDAQ,591,12,2026-05-08T10:25:46
kosdaq_001,00265324,035760,(주)씨제이이엔엠,CJ ENM,K,KOSDAQ,602,12,2026-05-08T10:25:50
kosdaq_001,00242378,035810,(주)이지홀딩스,이지홀딩스,K,KOSDAQ,109,12,2026-05-08T10:25:52
kosdaq_001,00219848,035890,(주)서희건설,서희건설,K,KOSDAQ,4112,12,2026-05-08T10:25:55
kosdaq_001,00258689,035900,(주)제이와이피엔터테인먼트,JYP Ent.,K,KOSDAQ,59201,12,2026-05-08T10:25:57
kosdaq_001,00259934,036000,(주)예림당,예림당,K,KOSDAQ,58113,12,2026-05-08T10:26:01
kosdaq_001,00138598,036010,아비코전자(주),아비코전자,K,KOSDAQ,26293,12,2026-05-08T10:26:02
kosdaq_001,00260958,036030,(주)케이티알파,케이티알파,K,KOSDAQ,461,12,2026-05-08T10:26:05
kosdaq_001,00258360,036090,(주)위지트,위지트,K,KOSDAQ,29272,12,2026-05-08T10:26:07
kosdaq_001,00260745,036120,서울평가정보(주),서울평가정보,K,KOSDAQ,63991,12,2026-05-08T10:26:09
kosdaq_001,00232821,036170,(주)에이치엠넥스,에이치엠넥스,K,KOSDAQ,2612,12,2026-05-08T10:26:10
kosdaq_001,00176516,036190,(주)금화피에스시,금화피에스시,K,KOSDAQ,423,12,2026-05-08T10:26:12
kosdaq_001,00260569,036200,유니셈(주),유니셈,K,KOSDAQ,29271,12,2026-05-08T10:26:13
kosdaq_001,00260657,036220,(주)오상헬스케어,오상헬스케어,K,KOSDAQ,271,12,2026-05-08T10:26:16
kosdaq_001,00177320,036480,(주)대성미생물연구소,대성미생물,K,KOSDAQ,21230,12,2026-05-08T10:26:25
kosdaq_001,00301246,036540,(주)에스에프에이반도체,SFA반도체,K,KOSDAQ,2611,12,2026-05-08T10:26:31
kosdaq_001,00141389,036560,케이젯정밀(주),KZ정밀,K,KOSDAQ,29120,12,2026-05-08T10:26:33
kosdaq_001,00261009,036620,감성코퍼레이션(주),감성코퍼레이션,K,KOSDAQ,467,12,2026-05-08T10:26:41
kosdaq_001,00268002,036630,세종텔레콤(주),세종텔레콤,K,KOSDAQ,423,12,2026-05-08T10:26:42
kosdaq_001,00230911,036640,(주)에이치알에스,HRS,K,KOSDAQ,20201,12,2026-05-08T10:26:43
kosdaq_001,00265041,036670,(주)삼양케이씨아이,삼양케이씨아이,K,KOSDAQ,20421,12,2026-05-08T10:26:45
kosdaq_001,00268118,036690,(주)코맥스,코맥스,K,KOSDAQ,2642,12,2026-05-08T10:26:47
kosdaq_001,00152127,036710,(주)심텍홀딩스,심텍홀딩스,K,KOSDAQ,715,12,2026-05-08T10:26:48
kosdaq_001,00264945,036800,나이스정보통신(주),나이스정보통신,K,KOSDAQ,61299,12,2026-05-08T10:26:53
kosdaq_001,00223434,036810,(주)에프에스티,에프에스티,K,KOSDAQ,2629,12,2026-05-08T10:26:54
kosdaq_001,00247975,036830,솔브레인홀딩스(주),솔브레인홀딩스,K,KOSDAQ,715,12,2026-05-08T10:26:56
kosdaq_001,00174208,036890,(주)진성티이씨,진성티이씨,K,KOSDAQ,29241,12,2026-05-08T10:27:01
kosdaq_001,00252135,036930,주성엔지니어링(주),주성엔지니어링,K,KOSDAQ,29229,12,2026-05-08T10:27:06
kosdaq_001,00231354,037030,주식회사 파워넷,파워넷,K,KOSDAQ,2811,12,2026-05-08T10:27:10
kosdaq_001,00238153,037070,(주)파세코,파세코,K,KOSDAQ,28519,12,2026-05-08T10:27:12
kosdaq_001,00198192,037230,(주)한국팩키지,한국팩키지,K,KOSDAQ,17223,12,2026-05-08T10:27:19
kosdaq_001,00265421,037330,(주)인지디스플레이,인지디스플레,K,KOSDAQ,26211,12,2026-05-08T10:27:25
kosdaq_001,00216498,037350,(주)성도이엔지,성도이엔지,K,KOSDAQ,721,12,2026-05-08T10:27:27
kosdaq_001,00261054,037370,(주)이지,EG,K,KOSDAQ,201,12,2026-05-08T10:27:29
kosdaq_001,00155692,037400,우리엔터프라이즈(주),우리엔터프라이즈,K,KOSDAQ,468,12,2026-05-08T10:27:31
kosdaq_001,00236863,037440,(주)희림종합건축사사무소,희림,K,KOSDAQ,72111,12,2026-05-08T10:27:33
kosdaq_001,00128315,037460,삼지전자(주),삼지전자,K,KOSDAQ,2642,12,2026-05-08T10:27:34
kosdaq_001,00239596,037760,(주)쎄니트,쎄니트,K,KOSDAQ,24122,12,2026-05-08T10:27:52
kosdaq_001,00242712,037950,엘컴텍(주),엘컴텍,K,KOSDAQ,26291,12,2026-05-08T10:27:55
kosdaq_001,00148595,038010,(주)제일테크노스,제일테크노스,K,KOSDAQ,2511,12,2026-05-08T10:27:56
kosdaq_001,00406329,038060,(주)루멘스,루멘스,K,KOSDAQ,2612,12,2026-05-08T10:27:58
kosdaq_001,00373447,038070,(주)서린바이오사이언스,서린바이오,K,KOSDAQ,467,12,2026-05-08T10:28:00
kosdaq_001,00139153,038110,에코플라스틱(주),에코플라스틱,K,KOSDAQ,30320,12,2026-05-08T10:28:02
kosdaq_001,00261373,038290,(주)마크로젠,마크로젠,K,KOSDAQ,73909,12,2026-05-08T10:28:06
kosdaq_001,00261355,038390,(주)레드캡투어,레드캡투어,K,KOSDAQ,75210,12,2026-05-08T10:28:10
kosdaq_001,00240857,038460,(주)바이오스마트,바이오스마트,K,KOSDAQ,26293,12,2026-05-08T10:28:14
kosdaq_001,00239639,038500,(주)삼표시멘트,삼표시멘트,K,KOSDAQ,239,12,2026-05-08T10:28:15
kosdaq_001,00255105,038530,(주)케이바이오랩스,케이바이오랩스,K,KOSDAQ,464,12,2026-05-08T10:28:17
kosdaq_001,00306162,038540,(주)상상인,상상인,K,KOSDAQ,620,12,2026-05-08T10:28:18
kosdaq_001,00264228,038620,위즈코프(주),위즈코프,K,KOSDAQ,47711,12,2026-05-08T10:28:19
kosdaq_001,00264635,038680,에스넷시스템(주),에스넷,K,KOSDAQ,62021,12,2026-05-08T10:28:20
kosdaq_001,00287812,038870,에코심플렉스(주),에코심플렉스,K,KOSDAQ,741,12,2026-05-08T10:28:28
kosdaq_001,00252269,038880,(주)아이에이,아이에이,K,KOSDAQ,262,12,2026-05-08T10:28:29
kosdaq_001,00264732,038950,(주)파인디지털,파인디지털,K,KOSDAQ,2642,12,2026-05-08T10:28:31
kosdaq_001,00255044,039010,현대에이치티(주),현대에이치티,K,KOSDAQ,26410,12,2026-05-08T10:28:37
kosdaq_001,00184889,039020,(주)이건홀딩스,이건홀딩스,K,KOSDAQ,161,12,2026-05-08T10:28:38
kosdaq_001,00246417,039030,(주)이오테크닉스,이오테크닉스,K,KOSDAQ,29271,12,2026-05-08T10:28:39
kosdaq_001,00263654,039200,(주)오스코텍,오스코텍,K,KOSDAQ,212,12,2026-05-08T10:28:45
kosdaq_001,00206039,039240,경남스틸(주),경남스틸,K,KOSDAQ,24199,12,2026-05-08T10:28:48
kosdaq_001,00243757,039290,인포뱅크(주),인포뱅크,K,KOSDAQ,639,12,2026-05-08T10:28:49
kosdaq_001,00264671,039310,(주)세중,세중,K,KOSDAQ,582,12,2026-05-08T10:28:50
kosdaq_001,00263371,039340,(주)한국경제티브이,한국경제TV,K,KOSDAQ,60221,12,2026-05-08T10:28:51
kosdaq_001,00246620,039420,(주)케이엘넷,케이엘넷,K,KOSDAQ,61299,12,2026-05-08T10:28:55
kosdaq_001,00298340,039440,(주)에스티아이,에스티아이,K,KOSDAQ,29271,12,2026-05-08T10:28:56
kosdaq_001,00268251,039560,(주)다산네트웍스,다산네트웍스,K,KOSDAQ,26410,12,2026-05-08T10:29:00
kosdaq_001,00217743,039610,화성밸브(주),화성밸브,K,KOSDAQ,29133,12,2026-05-08T10:29:03
kosdaq_001,00261957,039740,한국정보공학(주),한국정보공학,K,KOSDAQ,467,12,2026-05-08T10:29:06
kosdaq_001,00141556,039830,오로라월드(주),오로라,K,KOSDAQ,73203,12,2026-05-08T10:29:08
kosdaq_001,00115931,039840,(주)디오,디오,K,KOSDAQ,27192,12,2026-05-08T10:29:09
kosdaq_001,00230425,039860,(주)나노엔텍,나노엔텍,K,KOSDAQ,27199,12,2026-05-08T10:29:12
kosdaq_001,00369213,039980,(주)폴라리스에이아이,폴라리스AI,K,KOSDAQ,620,12,2026-05-08T10:29:14
kosdaq_001,00269889,040160,(주)누리플렉스,누리플렉스,K,KOSDAQ,58221,12,2026-05-08T10:29:19
kosdaq_001,00200275,040300,(주)와이티엔,YTN,K,KOSDAQ,591,12,2026-05-08T10:29:22
kosdaq_001,00346407,040350,(주)크레오에스지,크레오에스지,K,KOSDAQ,620,12,2026-05-08T10:29:23
kosdaq_001,00287788,040420,(주)정상제이엘에스,정상제이엘에스,K,KOSDAQ,8550,12,2026-05-08T10:29:24
kosdaq_001,00264714,040610,(주)에스지엔지,SG&G,K,KOSDAQ,303,12,2026-05-08T10:29:25
kosdaq_001,00298377,040910,(주)아이씨디,아이씨디,K,KOSDAQ,29271,12,2026-05-08T10:29:29
kosdaq_001,00269852,041020,(주)폴라리스오피스,폴라리스오피스,K,KOSDAQ,58221,12,2026-05-08T10:29:31
kosdaq_001,00231664,041190,우리기술투자(주),우리기술투자,K,KOSDAQ,6491,12,2026-05-08T10:29:35
kosdaq_001,00228536,041440,(주)현대에버다임,현대에버다임,K,KOSDAQ,29241,12,2026-05-08T10:29:39
kosdaq_001,00361169,041460,한국전자인증(주),한국전자인증,K,KOSDAQ,58221,12,2026-05-08T10:29:41
kosdaq_001,00260930,041510,(주)에스엠엔터테인먼트,에스엠,K,KOSDAQ,59201,12,2026-05-08T10:29:44
kosdaq_001,00137289,041520,(주)이엘씨,이엘씨,K,KOSDAQ,272,12,2026-05-08T10:29:45
kosdaq_001,00297448,041590,(주)플래스크,플래스크,K,KOSDAQ,424,12,2026-05-08T10:29:48
kosdaq_001,00269922,041830,(주)인바디,인바디,K,KOSDAQ,27199,12,2026-05-08T10:29:53
kosdaq_001,00463342,041910,(주)폴라리스에이아이파마,폴라리스AI파마,K,KOSDAQ,212,12,2026-05-08T10:29:54
kosdaq_001,00273439,041920,(주)메디아나,메디아나,K,KOSDAQ,27112,12,2026-05-08T10:29:55
kosdaq_001,00199988,041930,SY동아(주),SY동아,K,KOSDAQ,2219,12,2026-05-08T10:29:56
kosdaq_001,00187415,041960,(주)코미팜,코미팜,K,KOSDAQ,212,12,2026-05-08T10:29:59
kosdaq_001,00260879,042000,카페24(주),카페24,K,KOSDAQ,63112,12,2026-05-08T10:30:00
kosdaq_001,00206686,042040,(주)케이피엠테크,케이피엠테크,K,KOSDAQ,467,12,2026-05-08T10:30:01
kosdaq_001,00171867,042110,(주)에스씨디,에스씨디,K,KOSDAQ,28519,12,2026-05-08T10:30:04
kosdaq_001,00103644,042370,(주)비츠로테크,비츠로테크,K,KOSDAQ,64992,12,2026-05-08T10:30:06
kosdaq_001,00266952,042420,(주)네오위즈홀딩스,네오위즈홀딩스,K,KOSDAQ,582,12,2026-05-08T10:30:07
kosdaq_001,00352499,042500,(주)링네트,링네트,K,KOSDAQ,62021,12,2026-05-08T10:30:09
kosdaq_001,00255433,042510,라온시큐어(주),라온시큐어,K,KOSDAQ,582,12,2026-05-08T10:30:10
kosdaq_001,00349060,042520,한스바이오메드(주),한스바이오메드,K,KOSDAQ,213,09,2026-05-08T10:30:11
kosdaq_001,00147994,042600,(주)새로닉스,새로닉스,K,KOSDAQ,2629,12,2026-05-08T10:30:14
kosdaq_001,00232007,042940,(주)상지건설,상지건설,K,KOSDAQ,411,12,2026-05-08T10:30:21
kosdaq_001,00351454,043090,(주)더 테크놀로지,더테크놀로지,K,KOSDAQ,467,12,2026-05-08T10:30:24
kosdaq_001,00220109,043100,(주)알파에이아이,알파AI,K,KOSDAQ,27192,12,2026-05-08T10:30:26
kosdaq_001,00264255,043150,(주)바텍,바텍,K,KOSDAQ,271,12,2026-05-08T10:30:27
kosdaq_001,00266934,043200,(주)파루,파루,K,KOSDAQ,281,12,2026-05-08T10:30:29
kosdaq_001,00317487,043220,(주)티에스넥스젠,티에스넥스젠,K,KOSDAQ,292,12,2026-05-08T10:30:30
kosdaq_001,00317210,043260,성호전자(주),성호전자,K,KOSDAQ,26291,12,2026-05-08T10:30:31
kosdaq_001,00203209,043340,(주)에쎈테크,에쎈테크,K,KOSDAQ,29133,12,2026-05-08T10:30:33
kosdaq_001,00295547,043360,(주)디지아이,디지아이,K,KOSDAQ,263,12,2026-05-08T10:30:35
kosdaq_001,00155151,043370,피에이치에이(주),피에이치에이,K,KOSDAQ,303,12,2026-05-08T10:30:36
kosdaq_001,00260611,043590,웰킵스하이텍(주),웰킵스하이텍,K,KOSDAQ,261,12,2026-05-08T10:30:38
kosdaq_001,00223762,043610,(주)케이티지니뮤직,KT지니뮤직,K,KOSDAQ,603,12,2026-05-08T10:30:39
kosdaq_001,00256715,043650,(주)국순당,국순당,K,KOSDAQ,11111,12,2026-05-08T10:30:42
kosdaq_001,00305570,043710,(주)코스리거글로벌,코스리거글로벌,K,KOSDAQ,467,12,2026-05-08T10:30:45
kosdaq_001,00418379,043910,(주)자연과환경,자연과환경,K,KOSDAQ,233,12,2026-05-08T10:30:49
kosdaq_001,00111218,044180,KD(주),KD,K,KOSDAQ,411,12,2026-05-08T10:30:53
kosdaq_001,00293886,044340,(주)위닉스,위닉스,K,KOSDAQ,28519,12,2026-05-08T10:30:54
kosdaq_001,00173449,044480,(주)빌리언스,빌리언스,K,KOSDAQ,901,12,2026-05-08T10:31:00
kosdaq_001,00186799,044490,(주)태웅,태웅,K,KOSDAQ,25912,12,2026-05-08T10:31:01
kosdaq_001,00235183,044780,(주)에이치케이,에이치케이,K,KOSDAQ,29221,12,2026-05-08T10:31:05
kosdaq_001,00145473,044960,(주)이글벳,이글벳,K,KOSDAQ,467,12,2026-05-08T10:31:07
kosdaq_001,00311216,044990,에이치엔에스하이텍(주),에이치엔에스하이텍,K,KOSDAQ,262,12,2026-05-08T10:31:09
kosdaq_001,00220969,045060,(주)오공,오공,K,KOSDAQ,20493,12,2026-05-08T10:31:11
kosdaq_001,00216762,045100,한양이엔지(주),한양이엔지,K,KOSDAQ,721,12,2026-05-08T10:31:12
kosdaq_001,00350482,045300,성우테크론(주),성우테크론,K,KOSDAQ,2629,12,2026-05-08T10:31:16
kosdaq_001,00355089,045340,(주)토탈소프트뱅크,토탈소프트,K,KOSDAQ,58221,12,2026-05-08T10:31:19
kosdaq_001,00318316,045390,대아티아이(주),대아티아이,K,KOSDAQ,289,12,2026-05-08T10:31:21
kosdaq_001,00147772,045510,(주)정원엔시스,정원엔시스,K,KOSDAQ,46510,12,2026-05-08T10:31:25
kosdaq_001,00185222,045520,(주)크린앤사이언스,크린앤사이언스,K,KOSDAQ,291,12,2026-05-08T10:31:26
kosdaq_001,00256502,045660,(주)에이텍,에이텍,K,KOSDAQ,291,12,2026-05-08T10:31:27
kosdaq_001,00271501,045970,(주)코아시아,코아시아,K,KOSDAQ,262,12,2026-05-08T10:31:36
kosdaq_001,00295857,046070,(주)코다코,코다코,K,KOSDAQ,303,12,2026-05-08T10:31:39
kosdaq_001,00297989,046120,(주)오르비텍,오르비텍,K,KOSDAQ,7291,12,2026-05-08T10:31:41
kosdaq_001,00172079,046210,에이치엘비파나진 주식회사,HLB파나진,K,KOSDAQ,21301,12,2026-05-08T10:31:43
kosdaq_001,00360036,046310,(주)백금티앤에이,백금T&A,K,KOSDAQ,2642,12,2026-05-08T10:31:46
kosdaq_001,00301112,046390,(주)삼화네트웍스,삼화네트웍스,K,KOSDAQ,59120,12,2026-05-08T10:31:50
kosdaq_001,00405278,046440,(주)케이지파이낸셜,KG파이낸셜,K,KOSDAQ,582,12,2026-05-08T10:31:53
kosdaq_001,00130763,046890,서울반도체(주),서울반도체,K,KOSDAQ,2612,12,2026-05-08T10:31:58
kosdaq_001,00363246,046940,우원개발(주),우원개발,K,KOSDAQ,421,12,2026-05-08T10:31:59
kosdaq_001,00296005,046970,(주)우리로,우리로,K,KOSDAQ,467,12,2026-05-08T10:32:00
kosdaq_001,00348292,047080,(주)한빛소프트,한빛소프트,K,KOSDAQ,5821,12,2026-05-08T10:32:05
kosdaq_001,00269612,047310,(주)파워로직스,파워로직스,K,KOSDAQ,2812,12,2026-05-08T10:32:06
kosdaq_001,00273420,047560,(주)이스트소프트,이스트소프트,K,KOSDAQ,58221,12,2026-05-08T10:32:14
kosdaq_001,00329093,047770,(주)코데즈컴바인,코데즈컴바인,K,KOSDAQ,141,12,2026-05-08T10:32:20
kosdaq_001,00299464,047820,(주)초록뱀미디어,초록뱀미디어,K,KOSDAQ,59114,12,2026-05-08T10:32:22
kosdaq_001,00336817,047920,에이치엘비제약(주),HLB제약,K,KOSDAQ,70111,12,2026-05-08T10:32:23
kosdaq_001,00313649,048410,현대바이오사이언스(주),현대바이오,K,KOSDAQ,204,12,2026-05-08T10:32:32
kosdaq_001,00201742,048430,(주)유라테크,유라테크,K,KOSDAQ,281,12,2026-05-08T10:32:33
kosdaq_001,00109268,048470,(주)대동스틸,대동스틸,K,KOSDAQ,467,12,2026-05-08T10:32:35
kosdaq_001,00292434,048530,(주)인트론바이오테크놀로지,인트론바이오,K,KOSDAQ,211,12,2026-05-08T10:32:38
kosdaq_001,00185046,048550,(주)에스엠컬처앤콘텐츠,SM C&C,K,KOSDAQ,713,12,2026-05-08T10:32:40
kosdaq_001,00108649,048770,(주)티피씨로보틱스,TPC로보틱스,K,KOSDAQ,29142,12,2026-05-08T10:32:43
kosdaq_001,00108490,048830,(주)엔피케이,엔피케이,K,KOSDAQ,20202,12,2026-05-08T10:32:45
kosdaq_001,00475985,048870,(주)시너지이노베이션,시너지이노베이션,K,KOSDAQ,271,12,2026-05-08T10:32:46
kosdaq_001,00351807,048910,대원미디어(주),대원미디어,K,KOSDAQ,467,12,2026-05-08T10:32:47
kosdaq_001,00226866,049070,인탑스(주),인탑스,K,KOSDAQ,2642,12,2026-05-08T10:32:49
kosdaq_001,00377018,049080,(주)기가레인,기가레인,K,KOSDAQ,262,12,2026-05-08T10:32:51
kosdaq_001,00350020,049120,(주)파인디앤씨,파인디앤씨,K,KOSDAQ,26211,12,2026-05-08T10:32:52
kosdaq_001,00310156,049180,(주)셀루메드,셀루메드,K,KOSDAQ,211,12,2026-05-08T10:32:54
kosdaq_001,00152783,049430,(주)코메론,코메론,K,KOSDAQ,27219,12,2026-05-08T10:32:57
kosdaq_001,00351579,049470,(주)비트플래닛,비트플래닛,K,KOSDAQ,582,12,2026-05-08T10:32:58
kosdaq_001,00335076,049480,(주)오픈베이스,오픈베이스,K,KOSDAQ,62021,12,2026-05-08T10:32:59
kosdaq_001,00256380,049520,유아이엘(주),유아이엘,K,KOSDAQ,2629,12,2026-05-08T10:33:00
kosdaq_001,00261656,049550,(주)잉크테크,잉크테크,K,KOSDAQ,20413,12,2026-05-08T10:33:01
kosdaq_001,00147082,049630,재영솔루텍(주),재영솔루텍,K,KOSDAQ,27309,12,2026-05-08T10:33:02
kosdaq_001,00336297,049720,고려신용정보(주),고려신용정보,K,KOSDAQ,75993,12,2026-05-08T10:33:05
kosdaq_001,00135467,049830,(주) 승일,승일,K,KOSDAQ,259,12,2026-05-08T10:33:08
kosdaq_001,00447760,049950,(주)미래컴퍼니,미래컴퍼니,K,KOSDAQ,29271,12,2026-05-08T10:33:09
kosdaq_001,00357430,049960,(주)쎌바이오텍,쎌바이오텍,K,KOSDAQ,211,12,2026-05-08T10:33:12
kosdaq_001,00369569,050090,(주)비케이홀딩스,비케이홀딩스,K,KOSDAQ,713,12,2026-05-08T10:33:14
kosdaq_001,00330044,050110,(주)캠시스,캠시스,K,KOSDAQ,262,12,2026-05-08T10:33:15
kosdaq_001,00175623,050120,(주)ES큐브,ES큐브,K,KOSDAQ,46419,12,2026-05-08T10:33:16
kosdaq_001,00340272,050760,(주)에스폴리텍,에스폴리텍,K,KOSDAQ,222,12,2026-05-08T10:33:24
kosdaq_001,00138747,050860,(주)아세아텍,아세아텍,K,KOSDAQ,29210,06,2026-05-08T10:33:25
kosdaq_001,00364403,050890,(주)쏠리드,쏠리드,K,KOSDAQ,2642,12,2026-05-08T10:33:26
kosdaq_001,00577016,050960,(주)수산아이앤티,수산아이앤티,K,KOSDAQ,582,12,2026-05-08T10:33:28
kosdaq_001,00389110,051160,(주)지어소프트,지어소프트,K,KOSDAQ,58221,12,2026-05-08T10:33:29
kosdaq_001,00390365,051360,(주)토비스,토비스,K,KOSDAQ,265,12,2026-05-08T10:33:32
kosdaq_001,00369170,051370,(주)인터플렉스,인터플렉스,K,KOSDAQ,2622,12,2026-05-08T10:33:34
kosdaq_001,00297934,051380,(주)피씨디렉트,피씨디렉트,K,KOSDAQ,46510,12,2026-05-08T10:33:35
kosdaq_001,00296263,051390,와이더블유 주식회사,YW,K,KOSDAQ,468,12,2026-05-08T10:33:36
kosdaq_001,00297095,051490,나라엠앤디(주),나라엠앤디,K,KOSDAQ,292,12,2026-05-08T10:33:37
kosdaq_001,00127954,051500,씨제이프레시웨이(주),CJ프레시웨이,K,KOSDAQ,4632,12,2026-05-08T10:33:38
kosdaq_001,00296324,051780,(주)큐로홀딩스,큐로홀딩스,K,KOSDAQ,472,12,2026-05-08T10:33:45
kosdaq_001,00347716,051980,(주)중앙첨단소재,중앙첨단소재,K,KOSDAQ,264,12,2026-05-08T10:33:50
kosdaq_001,00273110,052020,(주)에스티큐브,에스티큐브,K,KOSDAQ,465,12,2026-05-08T10:33:52
kosdaq_001,00370006,052220,(주)아이엠비씨,iMBC,K,KOSDAQ,603,12,2026-05-08T10:33:55
kosdaq_001,00347062,052260,(주)현대바이오랜드,현대바이오랜드,K,KOSDAQ,204,12,2026-05-08T10:33:56
kosdaq_001,00349811,052300,(주)오션인더블유,오션인더블유,K,KOSDAQ,468,12,2026-05-08T10:34:00
kosdaq_001,00305297,052330,(주)코텍,코텍,K,KOSDAQ,26519,12,2026-05-08T10:34:02
kosdaq_001,00349732,052400,코나아이(주),코나아이,K,KOSDAQ,58221,12,2026-05-08T10:34:05
kosdaq_001,00350048,052420,오성첨단소재(주),오성첨단소재,K,KOSDAQ,222,12,2026-05-08T10:34:06
kosdaq_001,00405719,052460,아이크래프트(주),아이크래프트,K,KOSDAQ,620,12,2026-05-08T10:34:07
kosdaq_001,00244783,052600,(주)한네트,한네트,K,KOSDAQ,61299,12,2026-05-08T10:34:11
kosdaq_001,00298447,052710,(주)아모텍,아모텍,K,KOSDAQ,2629,12,2026-05-08T10:34:17
kosdaq_001,00346911,052770,(주)아이톡시,아이톡시,K,KOSDAQ,582,12,2026-05-08T10:34:18
kosdaq_001,00348034,052790,(주)액토즈소프트,액토즈소프트,K,KOSDAQ,5821,12,2026-05-08T10:34:19
kosdaq_001,00365758,052860,(주)아이앤씨테크놀로지,아이앤씨,K,KOSDAQ,2611,12,2026-05-08T10:34:21
kosdaq_001,00276834,052900,(주)케이엑스하이텍,KX하이텍,K,KOSDAQ,2224,12,2026-05-08T10:34:23
kosdaq_001,00216027,053030,(주)바이넥스,바이넥스,K,KOSDAQ,212,12,2026-05-08T10:34:28
kosdaq_001,00351995,053050,(주)지에스이,지에스이,K,KOSDAQ,35200,12,2026-05-08T10:34:31
kosdaq_001,00133663,053060,(주)세동,세동,K,KOSDAQ,303,12,2026-05-08T10:34:32
kosdaq_001,00304076,053080,케이엔솔(주),케이엔솔,K,KOSDAQ,291,12,2026-05-08T10:34:34
kosdaq_001,00352064,053160,(주)프리엠스,프리엠스,K,KOSDAQ,28123,12,2026-05-08T10:34:37
kosdaq_001,00105475,053260,금강철강(주),금강철강,K,KOSDAQ,2419,12,2026-05-08T10:34:42
kosdaq_001,00202060,053270,(주)구영테크,구영테크,K,KOSDAQ,303,12,2026-05-08T10:34:44
kosdaq_001,00362858,053280,예스이십사(주),예스24,K,KOSDAQ,4791,12,2026-05-08T10:34:45
kosdaq_001,00363927,053290,(주)엔이능률,NE능률,K,KOSDAQ,5811,12,2026-05-08T10:34:46
kosdaq_001,00306454,053300,한국정보인증(주),한국정보인증,K,KOSDAQ,58221,12,2026-05-08T10:34:47
kosdaq_001,00353610,053350,이니텍(주),이니텍,K,KOSDAQ,58221,12,2026-05-08T10:34:50
kosdaq_001,00351630,053450,(주)세코닉스,세코닉스,K,KOSDAQ,273,12,2026-05-08T10:34:53
kosdaq_001,00323868,053580,웹케시(주),웹케시,K,KOSDAQ,582,12,2026-05-08T10:34:55
kosdaq_001,00325112,053610,(주)프로텍,프로텍,K,KOSDAQ,29271,12,2026-05-08T10:34:58
kosdaq_001,00186717,053620,(주)태양,태양,K,KOSDAQ,25991,12,2026-05-08T10:34:59
kosdaq_001,00351092,053700,삼보모터스(주),삼보모터스,K,KOSDAQ,303,12,2026-05-08T10:35:02
kosdaq_001,00298270,053800,(주)안랩,안랩,K,KOSDAQ,58221,12,2026-05-08T10:35:05
kosdaq_001,00307028,053950,경남제약 주식회사,경남제약,K,KOSDAQ,212,12,2026-05-08T10:35:09
kosdaq_001,00226547,053980,오상자이엘(주),오상자이엘,K,KOSDAQ,582,12,2026-05-08T10:35:10
kosdaq_001,00303396,054040,한국컴퓨터(주),한국컴퓨터,K,KOSDAQ,2629,12,2026-05-08T10:35:14
kosdaq_001,00176835,054050,농업회사법인 (주)엔에이치농우바이오,농우바이오,K,KOSDAQ,01123,12,2026-05-08T10:35:15
kosdaq_001,00239514,054090,(주)삼진엘앤디,삼진엘앤디,K,KOSDAQ,339,12,2026-05-08T10:35:17
kosdaq_001,00356839,054180,(주)메디콕스,메디콕스,K,KOSDAQ,31114,12,2026-05-08T10:35:22
kosdaq_001,00206659,054210,(주)이랜텍,이랜텍,K,KOSDAQ,262,12,2026-05-08T10:35:23
kosdaq_001,00201432,054220,(주)비츠로시스,비츠로시스,K,KOSDAQ,28123,12,2026-05-08T10:35:25
kosdaq_001,00339072,054300,(주)팬스타엔터프라이즈,팬스타엔터프라이즈,K,KOSDAQ,29169,12,2026-05-08T10:35:27
kosdaq_001,00357607,054410,(주)케이피티유,케이피티유,K,KOSDAQ,474,12,2026-05-08T10:35:30
kosdaq_001,00423177,054450,(주)텔레칩스,텔레칩스,K,KOSDAQ,2611,12,2026-05-08T10:35:33
kosdaq_001,00250614,054540,삼영엠텍(주),삼영엠텍,K,KOSDAQ,2511,12,2026-05-08T10:35:35
kosdaq_001,00296078,054620,(주)에이피에스,APS,K,KOSDAQ,64992,12,2026-05-08T10:35:36
kosdaq_001,00207375,054670,대한뉴팜(주),대한뉴팜,K,KOSDAQ,212,12,2026-05-08T10:35:40
kosdaq_001,00353762,054780,(주)키이스트,키이스트,K,KOSDAQ,59130,12,2026-05-08T10:35:41
kosdaq_001,00359580,054800,(주)아이디스홀딩스,아이디스홀딩스,K,KOSDAQ,71600,12,2026-05-08T10:35:44
kosdaq_001,00363592,054920,(주)한컴위드,한컴위드,K,KOSDAQ,58221,12,2026-05-08T10:35:45
kosdaq_001,00144650,054930,(주)유신,유신,K,KOSDAQ,72111,12,2026-05-08T10:35:46
kosdaq_001,00360577,054940,(주)엑사이엔씨,엑사이엔씨,K,KOSDAQ,424,12,2026-05-08T10:35:47
kosdaq_001,00361381,054950,(주)제이브이엠,제이브이엠,K,KOSDAQ,29192,12,2026-05-08T10:35:48
kosdaq_001,00234227,056080,(주) 유진로봇,유진로봇,K,KOSDAQ,292,12,2026-05-08T10:36:01
kosdaq_001,00346610,056090,(주)시지메드텍,시지메드텍,K,KOSDAQ,27192,12,2026-05-08T10:36:03
kosdaq_001,00358271,056190,(주)에스에프에이,에스에프에이,K,KOSDAQ,292,12,2026-05-08T10:36:05
kosdaq_001,00360674,056360,코위버(주),코위버,K,KOSDAQ,26410,12,2026-05-08T10:36:09
kosdaq_001,00228350,056700,신화인터텍(주),신화인터텍,K,KOSDAQ,2229,12,2026-05-08T10:36:11
kosdaq_001,00318662,056730,씨앤티85(주),CNT85,K,KOSDAQ,411,12,2026-05-08T10:36:13
kosdaq_001,00307222,057030,(주)와이비엠넷,YBM넷,K,KOSDAQ,857,12,2026-05-08T10:36:17
kosdaq_001,00265005,057540,옴니시스템(주),옴니시스템,K,KOSDAQ,272,12,2026-05-08T10:36:24
kosdaq_001,00372688,057680,(주)티사이언티픽,티사이언티픽,K,KOSDAQ,58222,12,2026-05-08T10:36:25
kosdaq_001,00270113,058110,(주)멕아이씨에스,멕아이씨에스,K,KOSDAQ,271,12,2026-05-08T10:36:28
kosdaq_001,00208134,058400,(주)케이엔엔,KNN,K,KOSDAQ,60210,12,2026-05-08T10:36:32
kosdaq_001,00146427,058450,한주에이알티(주),한주에이알티,K,KOSDAQ,591,12,2026-05-08T10:36:35
kosdaq_001,00369657,058470,리노공업(주),리노공업,K,KOSDAQ,2629,12,2026-05-08T10:36:37
kosdaq_001,00220686,058610,(주)에스피지,에스피지,K,KOSDAQ,28111,12,2026-05-08T10:36:41
kosdaq_001,00397058,058630,주식회사 엠게임,엠게임,K,KOSDAQ,5821,12,2026-05-08T10:36:42
kosdaq_001,00380429,058820,(주)CMG제약,CMG제약,K,KOSDAQ,212,12,2026-05-08T10:36:48
