batch_id,market,stock_code,corp_code,corp_name,bsns_year,reprt_code,fs_div,status,error_code,error_message,retry_count,started_at,finished_at
konex_001,KONEX,0070X0,01921199,주식회사 에스테크엠,2019,11011,CFS,no_data,013,조회된 데이타가 없습니다.,0,2026-05-08T16:19:56,2026-05-08T16:19:57
konex_001,KONEX,0070X0,01921199,주식회사 에스테크엠,2020,11011,CFS,no_data,013,조회된 데이타가 없습니다.,0,2026-05-08T16:19:58,2026-05-08T16:19:58
konex_001,KONEX,0070X0,01921199,주식회사 에스테크엠,2021,11011,CFS,no_data,013,조회된 데이타가 없습니다.,0,2026-05-08T16:19:59,2026-05-08T16:19:59
konex_001,KONEX,0070X0,01921199,주식회사 에스테크엠,2022,11011,CFS,no_data,013,조회된 데이타가 없습니다.,0,2026-05-08T16:20:00,2026-05-08T16:20:00
konex_001,KONEX,0070X0,01921199,주식회사 에스테크엠,2023,11011,CFS,no_data,013,조회된 데이타가 없습니다.,0,2026-05-08T16:20:01,2026-05-08T16:20:01
konex_001,KONEX,052960,00302236,태양3C(주),2019,11011,CFS,no_data,013,조회된 데이타가 없습니다.,0,2026-05-08T16:20:02,2026-05-08T16:20:02
konex_001,KONEX,052960,00302236,태양3C(주),2020,11011,CFS,no_data,013,조회된 데이타가 없습니다.,0,2026-05-08T16:20:03,2026-05-08T16:20:04
konex_001,KONEX,052960,00302236,태양3C(주),2021,11011,CFS,no_data,013,조회된 데이타가 없습니다.,0,2026-05-08T16:20:05,2026-05-08T16:20:05
konex_001,KONEX,052960,00302236,태양3C(주),2022,11011,CFS,no_data,013,조회된 데이타가 없습니다.,0,2026-05-08T16:20:06,2026-05-08T16:20:06
konex_001,KONEX,052960,00302236,태양3C(주),2023,11011,CFS,no_data,013,조회된 데이타가 없습니다.,0,2026-05-08T16:20:07,2026-05-08T16:20:07
konex_001,KONEX,059180,00341314,엔더블유시(주),2019,11011,CFS,no_data,013,조회된 데이타가 없습니다.,0,2026-05-08T16:20:08,2026-05-08T16:20:08
konex_001,KONEX,059180,00341314,엔더블유시(주),2020,11011,CFS,no_data,013,조회된 데이타가 없습니다.,0,2026-05-08T16:20:09,2026-05-08T16:20:09
konex_001,KONEX,059180,00341314,엔더블유시(주),2021,11011,CFS,no_data,013,조회된 데이타가 없습니다.,0,2026-05-08T16:20:10,2026-05-08T16:20:10
konex_001,KONEX,059180,00341314,엔더블유시(주),2022,11011,CFS,no_data,013,조회된 데이타가 없습니다.,0,2026-05-08T16:20:11,2026-05-08T16:20:11
konex_001,KONEX,059180,00341314,엔더블유시(주),2023,11011,CFS,no_data,013,조회된 데이타가 없습니다.,0,2026-05-08T16:20:12,2026-05-08T16:20:13
konex_001,KONEX,066830,00393618,(주)제노텍,2019,11011,CFS,no_data,013,조회된 데이타가 없습니다.,0,2026-05-08T16:20:14,2026-05-08T16:20:14
konex_001,KONEX,066830,00393618,(주)제노텍,2020,11011,CFS,no_data,013,조회된 데이타가 없습니다.,0,2026-05-08T16:20:15,2026-05-08T16:20:15
konex_001,KONEX,066830,00393618,(주)제노텍,2021,11011,CFS,no_data,013,조회된 데이타가 없습니다.,0,2026-05-08T16:20:16,2026-05-08T16:20:16
konex_001,KONEX,066830,00393618,(주)제노텍,2022,11011,CFS,no_data,013,조회된 데이타가 없습니다.,0,2026-05-08T16:20:17,2026-05-08T16:20:17
konex_001,KONEX,066830,00393618,(주)제노텍,2023,11011,CFS,no_data,013,조회된 데이타가 없습니다.,0,2026-05-08T16:20:18,2026-05-08T16:20:19
konex_001,KONEX,076340,00321204,지에이이노더스(주),2019,11011,CFS,no_data,013,조회된 데이타가 없습니다.,0,2026-05-08T16:20:20,2026-05-08T16:20:20
konex_001,KONEX,076340,00321204,지에이이노더스(주),2020,11011,CFS,no_data,013,조회된 데이타가 없습니다.,0,2026-05-08T16:20:21,2026-05-08T16:20:21
konex_001,KONEX,076340,00321204,지에이이노더스(주),2021,11011,CFS,no_data,013,조회된 데이타가 없습니다.,0,2026-05-08T16:20:22,2026-05-08T16:20:22
konex_001,KONEX,076340,00321204,지에이이노더스(주),2022,11011,CFS,no_data,013,조회된 데이타가 없습니다.,0,2026-05-08T16:20:23,2026-05-08T16:20:24
konex_001,KONEX,076340,00321204,지에이이노더스(주),2023,11011,CFS,no_data,013,조회된 데이타가 없습니다.,0,2026-05-08T16:20:25,2026-05-08T16:20:25
konex_001,KONEX,086220,00523176,광동헬스바이오(주),2019,11011,CFS,no_data,013,조회된 데이타가 없습니다.,0,2026-05-08T16:20:26,2026-05-08T16:20:26
konex_001,KONEX,086220,00523176,광동헬스바이오(주),2020,11011,CFS,no_data,013,조회된 데이타가 없습니다.,0,2026-05-08T16:20:27,2026-05-08T16:20:27
konex_001,KONEX,086220,00523176,광동헬스바이오(주),2021,11011,CFS,no_data,013,조회된 데이타가 없습니다.,0,2026-05-08T16:20:28,2026-05-08T16:20:29
konex_001,KONEX,086220,00523176,광동헬스바이오(주),2022,11011,CFS,no_data,013,조회된 데이타가 없습니다.,0,2026-05-08T16:20:30,2026-05-08T16:20:30
konex_001,KONEX,086220,00523176,광동헬스바이오(주),2023,11011,CFS,no_data,013,조회된 데이타가 없습니다.,0,2026-05-08T16:20:31,2026-05-08T16:20:31
konex_001,KONEX,092590,00578325,럭스피아(주),2019,11011,CFS,no_data,013,조회된 데이타가 없습니다.,0,2026-05-08T16:20:32,2026-05-08T16:20:32
konex_001,KONEX,092590,00578325,럭스피아(주),2020,11011,CFS,no_data,013,조회된 데이타가 없습니다.,0,2026-05-08T16:20:33,2026-05-08T16:20:33
konex_001,KONEX,092590,00578325,럭스피아(주),2021,11011,CFS,no_data,013,조회된 데이타가 없습니다.,0,2026-05-08T16:20:34,2026-05-08T16:20:34
konex_001,KONEX,092590,00578325,럭스피아(주),2022,11011,CFS,no_data,013,조회된 데이타가 없습니다.,0,2026-05-08T16:20:35,2026-05-08T16:20:35
konex_001,KONEX,092590,00578325,럭스피아(주),2023,11011,CFS,no_data,013,조회된 데이타가 없습니다.,0,2026-05-08T16:20:36,2026-05-08T16:20:37
konex_001,KONEX,093510,00521433,(주)엔지브이아이,2019,11011,CFS,no_data,013,조회된 데이타가 없습니다.,0,2026-05-08T16:20:38,2026-05-08T16:20:38
konex_001,KONEX,093510,00521433,(주)엔지브이아이,2020,11011,CFS,no_data,013,조회된 데이타가 없습니다.,0,2026-05-08T16:20:39,2026-05-08T16:20:39
konex_001,KONEX,093510,00521433,(주)엔지브이아이,2021,11011,CFS,no_data,013,조회된 데이타가 없습니다.,0,2026-05-08T16:20:40,2026-05-08T16:20:40
konex_001,KONEX,093510,00521433,(주)엔지브이아이,2022,11011,CFS,no_data,013,조회된 데이타가 없습니다.,0,2026-05-08T16:20:41,2026-05-08T16:20:41
konex_001,KONEX,093510,00521433,(주)엔지브이아이,2023,11011,CFS,no_data,013,조회된 데이타가 없습니다.,0,2026-05-08T16:20:42,2026-05-08T16:20:42
konex_001,KONEX,102950,00677334,(주)아하,2019,11011,CFS,no_data,013,조회된 데이타가 없습니다.,0,2026-05-08T16:20:43,2026-05-08T16:20:44
konex_001,KONEX,102950,00677334,(주)아하,2020,11011,CFS,no_data,013,조회된 데이타가 없습니다.,0,2026-05-08T16:20:45,2026-05-08T16:20:45
konex_001,KONEX,102950,00677334,(주)아하,2021,11011,CFS,no_data,013,조회된 데이타가 없습니다.,0,2026-05-08T16:20:46,2026-05-08T16:20:46
konex_001,KONEX,102950,00677334,(주)아하,2022,11011,CFS,no_data,013,조회된 데이타가 없습니다.,0,2026-05-08T16:20:47,2026-05-08T16:20:47
konex_001,KONEX,102950,00677334,(주)아하,2023,11011,CFS,no_data,013,조회된 데이타가 없습니다.,0,2026-05-08T16:20:48,2026-05-08T16:20:48
konex_001,KONEX,103660,00762377,(주)씨앗,2019,11011,CFS,no_data,013,조회된 데이타가 없습니다.,0,2026-05-08T16:20:49,2026-05-08T16:20:49
konex_001,KONEX,103660,00762377,(주)씨앗,2020,11011,CFS,no_data,013,조회된 데이타가 없습니다.,0,2026-05-08T16:20:50,2026-05-08T16:20:50
konex_001,KONEX,103660,00762377,(주)씨앗,2021,11011,CFS,no_data,013,조회된 데이타가 없습니다.,0,2026-05-08T16:20:51,2026-05-08T16:20:52
konex_001,KONEX,103660,00762377,(주)씨앗,2022,11011,CFS,no_data,013,조회된 데이타가 없습니다.,0,2026-05-08T16:20:53,2026-05-08T16:20:53
konex_001,KONEX,103660,00762377,(주)씨앗,2023,11011,CFS,no_data,013,조회된 데이타가 없습니다.,0,2026-05-08T16:20:54,2026-05-08T16:20:54
konex_001,KONEX,112190,00366517,(주)케이씨산업,2019,11011,CFS,no_data,013,조회된 데이타가 없습니다.,0,2026-05-08T16:20:55,2026-05-08T16:20:55
konex_001,KONEX,112190,00366517,(주)케이씨산업,2020,11011,CFS,no_data,013,조회된 데이타가 없습니다.,0,2026-05-08T16:20:56,2026-05-08T16:20:56
konex_001,KONEX,112190,00366517,(주)케이씨산업,2021,11011,CFS,no_data,013,조회된 데이타가 없습니다.,0,2026-05-08T16:20:57,2026-05-08T16:20:58
konex_001,KONEX,112190,00366517,(주)케이씨산업,2022,11011,CFS,no_data,013,조회된 데이타가 없습니다.,0,2026-05-08T16:20:59,2026-05-08T16:20:59
konex_001,KONEX,112190,00366517,(주)케이씨산업,2023,11011,CFS,no_data,013,조회된 데이타가 없습니다.,0,2026-05-08T16:21:00,2026-05-08T16:21:01
konex_001,KONEX,114920,00414540,대주이엔티(주),2019,11011,CFS,no_data,013,조회된 데이타가 없습니다.,0,2026-05-08T16:21:02,2026-05-08T16:21:02
konex_001,KONEX,114920,00414540,대주이엔티(주),2020,11011,CFS,no_data,013,조회된 데이타가 없습니다.,0,2026-05-08T16:21:03,2026-05-08T16:21:03
konex_001,KONEX,114920,00414540,대주이엔티(주),2021,11011,CFS,no_data,013,조회된 데이타가 없습니다.,0,2026-05-08T16:21:04,2026-05-08T16:21:04
konex_001,KONEX,114920,00414540,대주이엔티(주),2022,11011,CFS,no_data,013,조회된 데이타가 없습니다.,0,2026-05-08T16:21:05,2026-05-08T16:21:05
konex_001,KONEX,114920,00414540,대주이엔티(주),2023,11011,CFS,no_data,013,조회된 데이타가 없습니다.,0,2026-05-08T16:21:06,2026-05-08T16:21:07
konex_001,KONEX,116100,00442631,태양기계(주),2019,11011,CFS,no_data,013,조회된 데이타가 없습니다.,0,2026-05-08T16:21:08,2026-05-08T16:21:08
konex_001,KONEX,116100,00442631,태양기계(주),2020,11011,CFS,no_data,013,조회된 데이타가 없습니다.,0,2026-05-08T16:21:09,2026-05-08T16:21:09
konex_001,KONEX,116100,00442631,태양기계(주),2021,11011,CFS,no_data,013,조회된 데이타가 없습니다.,0,2026-05-08T16:21:10,2026-05-08T16:21:10
konex_001,KONEX,116100,00442631,태양기계(주),2022,11011,CFS,no_data,013,조회된 데이타가 없습니다.,0,2026-05-08T16:21:11,2026-05-08T16:21:11
konex_001,KONEX,116100,00442631,태양기계(주),2023,11011,CFS,no_data,013,조회된 데이타가 없습니다.,0,2026-05-08T16:21:12,2026-05-08T16:21:12
konex_001,KONEX,121060,00445869,(주)유니포인트,2019,11011,CFS,no_data,013,조회된 데이타가 없습니다.,0,2026-05-08T16:21:13,2026-05-08T16:21:13
konex_001,KONEX,121060,00445869,(주)유니포인트,2020,11011,CFS,no_data,013,조회된 데이타가 없습니다.,0,2026-05-08T16:21:15,2026-05-08T16:21:15
konex_001,KONEX,121060,00445869,(주)유니포인트,2021,11011,CFS,no_data,013,조회된 데이타가 없습니다.,0,2026-05-08T16:21:16,2026-05-08T16:21:16
konex_001,KONEX,121060,00445869,(주)유니포인트,2022,11011,CFS,no_data,013,조회된 데이타가 없습니다.,0,2026-05-08T16:21:17,2026-05-08T16:21:17
konex_001,KONEX,121060,00445869,(주)유니포인트,2023,11011,CFS,no_data,013,조회된 데이타가 없습니다.,0,2026-05-08T16:21:18,2026-05-08T16:21:18
konex_001,KONEX,122830,00337296,(주)원포유,2019,11011,CFS,no_data,013,조회된 데이타가 없습니다.,0,2026-05-08T16:21:19,2026-05-08T16:21:19
konex_001,KONEX,122830,00337296,(주)원포유,2020,11011,CFS,no_data,013,조회된 데이타가 없습니다.,0,2026-05-08T16:21:20,2026-05-08T16:21:20
konex_001,KONEX,122830,00337296,(주)원포유,2021,11011,CFS,no_data,013,조회된 데이타가 없습니다.,0,2026-05-08T16:21:21,2026-05-08T16:21:22
konex_001,KONEX,122830,00337296,(주)원포유,2022,11011,CFS,no_data,013,조회된 데이타가 없습니다.,0,2026-05-08T16:21:23,2026-05-08T16:21:23
konex_001,KONEX,122830,00337296,(주)원포유,2023,11011,CFS,no_data,013,조회된 데이타가 없습니다.,0,2026-05-08T16:21:24,2026-05-08T16:21:24
konex_001,KONEX,136660,00816696,(주)큐엠씨,2019,11011,CFS,no_data,013,조회된 데이타가 없습니다.,0,2026-05-08T16:21:25,2026-05-08T16:21:25
konex_001,KONEX,136660,00816696,(주)큐엠씨,2020,11011,CFS,no_data,013,조회된 데이타가 없습니다.,0,2026-05-08T16:21:26,2026-05-08T16:21:26
konex_001,KONEX,136660,00816696,(주)큐엠씨,2021,11011,CFS,no_data,013,조회된 데이타가 없습니다.,0,2026-05-08T16:21:27,2026-05-08T16:21:27
konex_001,KONEX,136660,00816696,(주)큐엠씨,2022,11011,CFS,no_data,013,조회된 데이타가 없습니다.,0,2026-05-08T16:21:28,2026-05-08T16:21:29
konex_001,KONEX,136660,00816696,(주)큐엠씨,2023,11011,CFS,no_data,013,조회된 데이타가 없습니다.,0,2026-05-08T16:21:30,2026-05-08T16:21:30
konex_001,KONEX,140610,01018802,(주)엔솔바이오사이언스,2019,11011,CFS,no_data,013,조회된 데이타가 없습니다.,0,2026-05-08T16:21:31,2026-05-08T16:21:31
konex_001,KONEX,140610,01018802,(주)엔솔바이오사이언스,2020,11011,CFS,no_data,013,조회된 데이타가 없습니다.,0,2026-05-08T16:21:32,2026-05-08T16:21:32
konex_001,KONEX,140610,01018802,(주)엔솔바이오사이언스,2021,11011,CFS,no_data,013,조회된 데이타가 없습니다.,0,2026-05-08T16:21:33,2026-05-08T16:21:33
konex_001,KONEX,140610,01018802,(주)엔솔바이오사이언스,2022,11011,CFS,no_data,013,조회된 데이타가 없습니다.,0,2026-05-08T16:21:34,2026-05-08T16:21:34
konex_001,KONEX,140610,01018802,(주)엔솔바이오사이언스,2023,11011,CFS,no_data,013,조회된 데이타가 없습니다.,0,2026-05-08T16:21:35,2026-05-08T16:21:36
konex_001,KONEX,140660,00663289,위월드(주),2019,11011,CFS,no_data,013,조회된 데이타가 없습니다.,0,2026-05-08T16:21:37,2026-05-08T16:21:37
konex_001,KONEX,140660,00663289,위월드(주),2020,11011,CFS,no_data,013,조회된 데이타가 없습니다.,0,2026-05-08T16:21:38,2026-05-08T16:21:38
konex_001,KONEX,140660,00663289,위월드(주),2021,11011,CFS,no_data,013,조회된 데이타가 없습니다.,0,2026-05-08T16:21:39,2026-05-08T16:21:39
konex_001,KONEX,140660,00663289,위월드(주),2022,11011,CFS,no_data,013,조회된 데이타가 없습니다.,0,2026-05-08T16:21:40,2026-05-08T16:21:40
konex_001,KONEX,140660,00663289,위월드(주),2023,11011,CFS,no_data,013,조회된 데이타가 없습니다.,0,2026-05-08T16:21:41,2026-05-08T16:21:41
konex_001,KONEX,149010,00861100,아이케이세미콘(주),2019,11011,CFS,no_data,013,조회된 데이타가 없습니다.,0,2026-05-08T16:21:42,2026-05-08T16:21:42
konex_001,KONEX,149010,00861100,아이케이세미콘(주),2020,11011,CFS,no_data,013,조회된 데이타가 없습니다.,0,2026-05-08T16:21:43,2026-05-08T16:21:43
konex_001,KONEX,149010,00861100,아이케이세미콘(주),2021,11011,CFS,no_data,013,조회된 데이타가 없습니다.,0,2026-05-08T16:21:44,2026-05-08T16:21:44
konex_001,KONEX,149010,00861100,아이케이세미콘(주),2022,11011,CFS,no_data,013,조회된 데이타가 없습니다.,0,2026-05-08T16:21:45,2026-05-08T16:21:46
konex_001,KONEX,149010,00861100,아이케이세미콘(주),2023,11011,CFS,no_data,013,조회된 데이타가 없습니다.,0,2026-05-08T16:21:47,2026-05-08T16:21:47
konex_001,KONEX,149300,00578130,아퓨어스 주식회사,2019,11011,CFS,no_data,013,조회된 데이타가 없습니다.,0,2026-05-08T16:21:48,2026-05-08T16:21:48
konex_001,KONEX,149300,00578130,아퓨어스 주식회사,2020,11011,CFS,no_data,013,조회된 데이타가 없습니다.,0,2026-05-08T16:21:49,2026-05-08T16:21:49
konex_001,KONEX,149300,00578130,아퓨어스 주식회사,2021,11011,CFS,no_data,013,조회된 데이타가 없습니다.,0,2026-05-08T16:21:50,2026-05-08T16:21:50
konex_001,KONEX,149300,00578130,아퓨어스 주식회사,2022,11011,CFS,no_data,013,조회된 데이타가 없습니다.,0,2026-05-08T16:21:51,2026-05-08T16:21:51
konex_001,KONEX,149300,00578130,아퓨어스 주식회사,2023,11011,CFS,no_data,013,조회된 데이타가 없습니다.,0,2026-05-08T16:21:52,2026-05-08T16:21:52
konex_001,KONEX,162120,00886792,(주)루켄테크놀러지스,2019,11011,CFS,no_data,013,조회된 데이타가 없습니다.,0,2026-05-08T16:21:53,2026-05-08T16:21:54
konex_001,KONEX,162120,00886792,(주)루켄테크놀러지스,2020,11011,CFS,no_data,013,조회된 데이타가 없습니다.,0,2026-05-08T16:21:55,2026-05-08T16:21:55
konex_001,KONEX,162120,00886792,(주)루켄테크놀러지스,2021,11011,CFS,no_data,013,조회된 데이타가 없습니다.,0,2026-05-08T16:21:56,2026-05-08T16:21:56
konex_001,KONEX,162120,00886792,(주)루켄테크놀러지스,2022,11011,CFS,no_data,013,조회된 데이타가 없습니다.,0,2026-05-08T16:21:57,2026-05-08T16:21:57
konex_001,KONEX,162120,00886792,(주)루켄테크놀러지스,2023,11011,CFS,no_data,013,조회된 데이타가 없습니다.,0,2026-05-08T16:21:58,2026-05-08T16:21:58
konex_001,KONEX,169670,00610861,코스텍시스템 주식회사,2019,11011,CFS,no_data,013,조회된 데이타가 없습니다.,0,2026-05-08T16:21:59,2026-05-08T16:22:00
konex_001,KONEX,169670,00610861,코스텍시스템 주식회사,2020,11011,CFS,no_data,013,조회된 데이타가 없습니다.,0,2026-05-08T16:22:01,2026-05-08T16:22:01
konex_001,KONEX,169670,00610861,코스텍시스템 주식회사,2021,11011,CFS,no_data,013,조회된 데이타가 없습니다.,0,2026-05-08T16:22:02,2026-05-08T16:22:02
konex_001,KONEX,169670,00610861,코스텍시스템 주식회사,2022,11011,CFS,no_data,013,조회된 데이타가 없습니다.,0,2026-05-08T16:22:03,2026-05-08T16:22:04
konex_001,KONEX,169670,00610861,코스텍시스템 주식회사,2023,11011,CFS,no_data,013,조회된 데이타가 없습니다.,0,2026-05-08T16:22:05,2026-05-08T16:22:05
konex_001,KONEX,176590,00666329,(주)코나솔,2019,11011,CFS,no_data,013,조회된 데이타가 없습니다.,0,2026-05-08T16:22:06,2026-05-08T16:22:06
konex_001,KONEX,176590,00666329,(주)코나솔,2020,11011,CFS,no_data,013,조회된 데이타가 없습니다.,0,2026-05-08T16:22:07,2026-05-08T16:22:07
konex_001,KONEX,176590,00666329,(주)코나솔,2021,11011,CFS,no_data,013,조회된 데이타가 없습니다.,0,2026-05-08T16:22:08,2026-05-08T16:22:09
konex_001,KONEX,176590,00666329,(주)코나솔,2022,11011,CFS,no_data,013,조회된 데이타가 없습니다.,0,2026-05-08T16:22:10,2026-05-08T16:22:10
konex_001,KONEX,176590,00666329,(주)코나솔,2023,11011,CFS,no_data,013,조회된 데이타가 없습니다.,0,2026-05-08T16:22:11,2026-05-08T16:22:11
konex_001,KONEX,178600,00910202,대동고려삼(주),2019,11011,CFS,no_data,013,조회된 데이타가 없습니다.,0,2026-05-08T16:22:12,2026-05-08T16:22:12
konex_001,KONEX,178600,00910202,대동고려삼(주),2020,11011,CFS,no_data,013,조회된 데이타가 없습니다.,0,2026-05-08T16:22:13,2026-05-08T16:22:13
konex_001,KONEX,178600,00910202,대동고려삼(주),2021,11011,CFS,no_data,013,조회된 데이타가 없습니다.,0,2026-05-08T16:22:14,2026-05-08T16:22:14
konex_001,KONEX,178600,00910202,대동고려삼(주),2022,11011,CFS,no_data,013,조회된 데이타가 없습니다.,0,2026-05-08T16:22:15,2026-05-08T16:22:15
konex_001,KONEX,178600,00910202,대동고려삼(주),2023,11011,CFS,no_data,013,조회된 데이타가 없습니다.,0,2026-05-08T16:22:16,2026-05-08T16:22:17
konex_001,KONEX,179720,00978075,(주)머니무브,2019,11011,CFS,no_data,013,조회된 데이타가 없습니다.,0,2026-05-08T16:22:18,2026-05-08T16:22:18
konex_001,KONEX,179720,00978075,(주)머니무브,2020,11011,CFS,no_data,013,조회된 데이타가 없습니다.,0,2026-05-08T16:22:19,2026-05-08T16:22:19
konex_001,KONEX,179720,00978075,(주)머니무브,2021,11011,CFS,no_data,013,조회된 데이타가 없습니다.,0,2026-05-08T16:22:20,2026-05-08T16:22:20
konex_001,KONEX,179720,00978075,(주)머니무브,2022,11011,CFS,no_data,013,조회된 데이타가 없습니다.,0,2026-05-08T16:22:21,2026-05-08T16:22:21
konex_001,KONEX,179720,00978075,(주)머니무브,2023,11011,CFS,no_data,013,조회된 데이타가 없습니다.,0,2026-05-08T16:22:22,2026-05-08T16:22:22
konex_001,KONEX,180060,00874937,(주)탑선,2019,11011,CFS,no_data,013,조회된 데이타가 없습니다.,0,2026-05-08T16:22:23,2026-05-08T16:22:23
konex_001,KONEX,180060,00874937,(주)탑선,2020,11011,CFS,no_data,013,조회된 데이타가 없습니다.,0,2026-05-08T16:22:24,2026-05-08T16:22:25
konex_001,KONEX,180060,00874937,(주)탑선,2021,11011,CFS,no_data,013,조회된 데이타가 없습니다.,0,2026-05-08T16:22:26,2026-05-08T16:22:26
konex_001,KONEX,180060,00874937,(주)탑선,2022,11011,CFS,no_data,013,조회된 데이타가 없습니다.,0,2026-05-08T16:22:27,2026-05-08T16:22:27
konex_001,KONEX,180060,00874937,(주)탑선,2023,11011,CFS,no_data,013,조회된 데이타가 없습니다.,0,2026-05-08T16:22:28,2026-05-08T16:22:28
konex_001,KONEX,185190,00830447,(주)수프로,2019,11011,CFS,no_data,013,조회된 데이타가 없습니다.,0,2026-05-08T16:22:29,2026-05-08T16:22:30
konex_001,KONEX,185190,00830447,(주)수프로,2020,11011,CFS,no_data,013,조회된 데이타가 없습니다.,0,2026-05-08T16:22:31,2026-05-08T16:22:31
konex_001,KONEX,185190,00830447,(주)수프로,2021,11011,CFS,no_data,013,조회된 데이타가 없습니다.,0,2026-05-08T16:22:32,2026-05-08T16:22:32
konex_001,KONEX,185190,00830447,(주)수프로,2022,11011,CFS,no_data,013,조회된 데이타가 없습니다.,0,2026-05-08T16:22:33,2026-05-08T16:22:33
konex_001,KONEX,185190,00830447,(주)수프로,2023,11011,CFS,no_data,013,조회된 데이타가 없습니다.,0,2026-05-08T16:22:34,2026-05-08T16:22:34
konex_001,KONEX,189350,00965062,(주)코셋,2019,11011,CFS,no_data,013,조회된 데이타가 없습니다.,0,2026-05-08T16:22:35,2026-05-08T16:22:36
konex_001,KONEX,189350,00965062,(주)코셋,2020,11011,CFS,no_data,013,조회된 데이타가 없습니다.,0,2026-05-08T16:22:37,2026-05-08T16:22:37
konex_001,KONEX,189350,00965062,(주)코셋,2021,11011,CFS,no_data,013,조회된 데이타가 없습니다.,0,2026-05-08T16:22:38,2026-05-08T16:22:38
konex_001,KONEX,189350,00965062,(주)코셋,2022,11011,CFS,no_data,013,조회된 데이타가 없습니다.,0,2026-05-08T16:22:39,2026-05-08T16:22:39
konex_001,KONEX,189350,00965062,(주)코셋,2023,11011,CFS,no_data,013,조회된 데이타가 없습니다.,0,2026-05-08T16:22:40,2026-05-08T16:22:40
konex_001,KONEX,191600,00611286,(주)블루탑,2019,11011,CFS,no_data,013,조회된 데이타가 없습니다.,0,2026-05-08T16:22:41,2026-05-08T16:22:42
konex_001,KONEX,191600,00611286,(주)블루탑,2020,11011,CFS,no_data,013,조회된 데이타가 없습니다.,0,2026-05-08T16:22:43,2026-05-08T16:22:43
konex_001,KONEX,191600,00611286,(주)블루탑,2021,11011,CFS,no_data,013,조회된 데이타가 없습니다.,0,2026-05-08T16:22:44,2026-05-08T16:22:44
konex_001,KONEX,191600,00611286,(주)블루탑,2022,11011,CFS,no_data,013,조회된 데이타가 없습니다.,0,2026-05-08T16:22:45,2026-05-08T16:22:45
konex_001,KONEX,191600,00611286,(주)블루탑,2023,11011,CFS,no_data,013,조회된 데이타가 없습니다.,0,2026-05-08T16:22:46,2026-05-08T16:22:46
konex_001,KONEX,199150,00553025,(주)데이터스트림즈,2019,11011,CFS,no_data,013,조회된 데이타가 없습니다.,0,2026-05-08T16:22:47,2026-05-08T16:22:48
konex_001,KONEX,199150,00553025,(주)데이터스트림즈,2020,11011,CFS,no_data,013,조회된 데이타가 없습니다.,0,2026-05-08T16:22:49,2026-05-08T16:22:49
konex_001,KONEX,199150,00553025,(주)데이터스트림즈,2021,11011,CFS,no_data,013,조회된 데이타가 없습니다.,0,2026-05-08T16:22:50,2026-05-08T16:22:50
konex_001,KONEX,199150,00553025,(주)데이터스트림즈,2022,11011,CFS,no_data,013,조회된 데이타가 없습니다.,0,2026-05-08T16:22:51,2026-05-08T16:22:51
konex_001,KONEX,199150,00553025,(주)데이터스트림즈,2023,11011,CFS,no_data,013,조회된 데이타가 없습니다.,0,2026-05-08T16:22:52,2026-05-08T16:22:52
konex_001,KONEX,199290,00669450,(주)바이오프로테크,2019,11011,CFS,no_data,013,조회된 데이타가 없습니다.,0,2026-05-08T16:22:53,2026-05-08T16:22:53
konex_001,KONEX,199290,00669450,(주)바이오프로테크,2020,11011,CFS,no_data,013,조회된 데이타가 없습니다.,0,2026-05-08T16:22:54,2026-05-08T16:22:54
konex_001,KONEX,199290,00669450,(주)바이오프로테크,2021,11011,CFS,no_data,013,조회된 데이타가 없습니다.,0,2026-05-08T16:22:55,2026-05-08T16:22:55
konex_001,KONEX,199290,00669450,(주)바이오프로테크,2022,11011,CFS,no_data,013,조회된 데이타가 없습니다.,0,2026-05-08T16:22:56,2026-05-08T16:22:57
konex_001,KONEX,199290,00669450,(주)바이오프로테크,2023,11011,CFS,no_data,013,조회된 데이타가 없습니다.,0,2026-05-08T16:22:58,2026-05-08T16:22:58
konex_001,KONEX,200580,01018617,(주)메디쎄이,2019,11011,CFS,no_data,013,조회된 데이타가 없습니다.,0,2026-05-08T16:22:59,2026-05-08T16:22:59
konex_001,KONEX,200580,01018617,(주)메디쎄이,2020,11011,CFS,no_data,013,조회된 데이타가 없습니다.,0,2026-05-08T16:23:00,2026-05-08T16:23:00
konex_001,KONEX,200580,01018617,(주)메디쎄이,2021,11011,CFS,no_data,013,조회된 데이타가 없습니다.,0,2026-05-08T16:23:01,2026-05-08T16:23:01
konex_001,KONEX,200580,01018617,(주)메디쎄이,2022,11011,CFS,no_data,013,조회된 데이타가 없습니다.,0,2026-05-08T16:23:02,2026-05-08T16:23:03
konex_001,KONEX,200580,01018617,(주)메디쎄이,2023,11011,CFS,no_data,013,조회된 데이타가 없습니다.,0,2026-05-08T16:23:04,2026-05-08T16:23:04
konex_001,KONEX,202960,00541862,(주)판도라티비,2019,11011,CFS,no_data,013,조회된 데이타가 없습니다.,0,2026-05-08T16:23:05,2026-05-08T16:23:05
konex_001,KONEX,202960,00541862,(주)판도라티비,2020,11011,CFS,no_data,013,조회된 데이타가 없습니다.,0,2026-05-08T16:23:06,2026-05-08T16:23:06
konex_001,KONEX,202960,00541862,(주)판도라티비,2021,11011,CFS,no_data,013,조회된 데이타가 없습니다.,0,2026-05-08T16:23:07,2026-05-08T16:23:07
konex_001,KONEX,202960,00541862,(주)판도라티비,2022,11011,CFS,no_data,013,조회된 데이타가 없습니다.,0,2026-05-08T16:23:08,2026-05-08T16:23:08
konex_001,KONEX,202960,00541862,(주)판도라티비,2023,11011,CFS,no_data,013,조회된 데이타가 없습니다.,0,2026-05-08T16:23:09,2026-05-08T16:23:09
konex_001,KONEX,206950,00756163,(주)볼빅,2019,11011,CFS,no_data,013,조회된 데이타가 없습니다.,0,2026-05-08T16:23:10,2026-05-08T16:23:11
konex_001,KONEX,206950,00756163,(주)볼빅,2020,11011,CFS,no_data,013,조회된 데이타가 없습니다.,0,2026-05-08T16:23:12,2026-05-08T16:23:12
konex_001,KONEX,206950,00756163,(주)볼빅,2021,11011,CFS,no_data,013,조회된 데이타가 없습니다.,0,2026-05-08T16:23:13,2026-05-08T16:23:13
konex_001,KONEX,206950,00756163,(주)볼빅,2022,11011,CFS,no_data,013,조회된 데이타가 없습니다.,0,2026-05-08T16:23:14,2026-05-08T16:23:14
konex_001,KONEX,206950,00756163,(주)볼빅,2023,11011,CFS,no_data,013,조회된 데이타가 없습니다.,0,2026-05-08T16:23:15,2026-05-08T16:23:16
konex_001,KONEX,207490,00832700,에이펙스인텍(주),2019,11011,CFS,no_data,013,조회된 데이타가 없습니다.,0,2026-05-08T16:23:17,2026-05-08T16:23:17
konex_001,KONEX,207490,00832700,에이펙스인텍(주),2020,11011,CFS,no_data,013,조회된 데이타가 없습니다.,0,2026-05-08T16:23:18,2026-05-08T16:23:18
konex_001,KONEX,207490,00832700,에이펙스인텍(주),2021,11011,CFS,no_data,013,조회된 데이타가 없습니다.,0,2026-05-08T16:23:19,2026-05-08T16:23:19
konex_001,KONEX,207490,00832700,에이펙스인텍(주),2022,11011,CFS,no_data,013,조회된 데이타가 없습니다.,0,2026-05-08T16:23:20,2026-05-08T16:23:20
konex_001,KONEX,207490,00832700,에이펙스인텍(주),2023,11011,CFS,no_data,013,조회된 데이타가 없습니다.,0,2026-05-08T16:23:21,2026-05-08T16:23:21
konex_001,KONEX,208850,01116344,이비테크(주),2019,11011,CFS,no_data,013,조회된 데이타가 없습니다.,0,2026-05-08T16:23:22,2026-05-08T16:23:22
konex_001,KONEX,208850,01116344,이비테크(주),2020,11011,CFS,no_data,013,조회된 데이타가 없습니다.,0,2026-05-08T16:23:23,2026-05-08T16:23:24
konex_001,KONEX,208850,01116344,이비테크(주),2021,11011,CFS,no_data,013,조회된 데이타가 없습니다.,0,2026-05-08T16:23:25,2026-05-08T16:23:25
konex_001,KONEX,208850,01116344,이비테크(주),2022,11011,CFS,no_data,013,조회된 데이타가 없습니다.,0,2026-05-08T16:23:26,2026-05-08T16:23:26
konex_001,KONEX,208850,01116344,이비테크(주),2023,11011,CFS,no_data,013,조회된 데이타가 없습니다.,0,2026-05-08T16:23:27,2026-05-08T16:23:27
konex_001,KONEX,208890,00876209,(주)미래엔에듀파트너,2019,11011,CFS,no_data,013,조회된 데이타가 없습니다.,0,2026-05-08T16:23:28,2026-05-08T16:23:28
konex_001,KONEX,208890,00876209,(주)미래엔에듀파트너,2020,11011,CFS,no_data,013,조회된 데이타가 없습니다.,0,2026-05-08T16:23:29,2026-05-08T16:23:30
konex_001,KONEX,208890,00876209,(주)미래엔에듀파트너,2021,11011,CFS,no_data,013,조회된 데이타가 없습니다.,0,2026-05-08T16:23:31,2026-05-08T16:23:31
konex_001,KONEX,208890,00876209,(주)미래엔에듀파트너,2022,11011,CFS,no_data,013,조회된 데이타가 없습니다.,0,2026-05-08T16:23:32,2026-05-08T16:23:32
konex_001,KONEX,208890,00876209,(주)미래엔에듀파트너,2023,11011,CFS,no_data,013,조회된 데이타가 없습니다.,0,2026-05-08T16:23:33,2026-05-08T16:23:33
konex_001,KONEX,212310,01085442,(주)오건에코텍,2019,11011,CFS,no_data,013,조회된 데이타가 없습니다.,0,2026-05-08T16:23:34,2026-05-08T16:23:34
konex_001,KONEX,212310,01085442,(주)오건에코텍,2020,11011,CFS,no_data,013,조회된 데이타가 없습니다.,0,2026-05-08T16:23:35,2026-05-08T16:23:35
konex_001,KONEX,212310,01085442,(주)오건에코텍,2021,11011,CFS,no_data,013,조회된 데이타가 없습니다.,0,2026-05-08T16:23:36,2026-05-08T16:23:36
konex_001,KONEX,212310,01085442,(주)오건에코텍,2022,11011,CFS,no_data,013,조회된 데이타가 없습니다.,0,2026-05-08T16:23:37,2026-05-08T16:23:38
konex_001,KONEX,212310,01085442,(주)오건에코텍,2023,11011,CFS,no_data,013,조회된 데이타가 없습니다.,0,2026-05-08T16:23:39,2026-05-08T16:23:39
konex_001,KONEX,215570,01034730,크로넥스(주),2019,11011,CFS,no_data,013,조회된 데이타가 없습니다.,0,2026-05-08T16:23:40,2026-05-08T16:23:40
konex_001,KONEX,215570,01034730,크로넥스(주),2020,11011,CFS,no_data,013,조회된 데이타가 없습니다.,0,2026-05-08T16:23:41,2026-05-08T16:23:41
konex_001,KONEX,215570,01034730,크로넥스(주),2021,11011,CFS,no_data,013,조회된 데이타가 없습니다.,0,2026-05-08T16:23:42,2026-05-08T16:23:42
konex_001,KONEX,215570,01034730,크로넥스(주),2022,11011,CFS,no_data,013,조회된 데이타가 없습니다.,0,2026-05-08T16:23:43,2026-05-08T16:23:43
konex_001,KONEX,215570,01034730,크로넥스(주),2023,11011,CFS,no_data,013,조회된 데이타가 없습니다.,0,2026-05-08T16:23:44,2026-05-08T16:23:44
konex_001,KONEX,216400,00537221,인바이츠바이오코아(주),2019,11011,CFS,no_data,013,조회된 데이타가 없습니다.,0,2026-05-08T16:23:45,2026-05-08T16:23:46
konex_001,KONEX,216400,00537221,인바이츠바이오코아(주),2020,11011,CFS,no_data,013,조회된 데이타가 없습니다.,0,2026-05-08T16:23:47,2026-05-08T16:23:47
konex_001,KONEX,216400,00537221,인바이츠바이오코아(주),2021,11011,CFS,no_data,013,조회된 데이타가 없습니다.,0,2026-05-08T16:23:48,2026-05-08T16:23:48
konex_001,KONEX,216400,00537221,인바이츠바이오코아(주),2022,11011,CFS,no_data,013,조회된 데이타가 없습니다.,0,2026-05-08T16:23:49,2026-05-08T16:23:49
konex_001,KONEX,216400,00537221,인바이츠바이오코아(주),2023,11011,CFS,no_data,013,조회된 데이타가 없습니다.,0,2026-05-08T16:23:50,2026-05-08T16:23:50
konex_001,KONEX,217320,00963000,(주)썬테크,2019,11011,CFS,no_data,013,조회된 데이타가 없습니다.,0,2026-05-08T16:23:51,2026-05-08T16:23:51
konex_001,KONEX,217320,00963000,(주)썬테크,2020,11011,CFS,no_data,013,조회된 데이타가 없습니다.,0,2026-05-08T16:23:52,2026-05-08T16:23:53
konex_001,KONEX,217320,00963000,(주)썬테크,2021,11011,CFS,no_data,013,조회된 데이타가 없습니다.,0,2026-05-08T16:23:54,2026-05-08T16:23:54
konex_001,KONEX,217320,00963000,(주)썬테크,2022,11011,CFS,no_data,013,조회된 데이타가 없습니다.,0,2026-05-08T16:23:55,2026-05-08T16:23:55
konex_001,KONEX,217320,00963000,(주)썬테크,2023,11011,CFS,no_data,013,조회된 데이타가 없습니다.,0,2026-05-08T16:23:56,2026-05-08T16:23:56
konex_001,KONEX,217880,00976615,(주)틸론,2019,11011,CFS,no_data,013,조회된 데이타가 없습니다.,0,2026-05-08T16:23:57,2026-05-08T16:23:57
konex_001,KONEX,217880,00976615,(주)틸론,2020,11011,CFS,no_data,013,조회된 데이타가 없습니다.,0,2026-05-08T16:23:58,2026-05-08T16:23:58
konex_001,KONEX,217880,00976615,(주)틸론,2021,11011,CFS,no_data,013,조회된 데이타가 없습니다.,0,2026-05-08T16:23:59,2026-05-08T16:23:59
konex_001,KONEX,217880,00976615,(주)틸론,2022,11011,CFS,no_data,013,조회된 데이타가 없습니다.,0,2026-05-08T16:24:00,2026-05-08T16:24:00
konex_001,KONEX,217880,00976615,(주)틸론,2023,11011,CFS,no_data,013,조회된 데이타가 없습니다.,0,2026-05-08T16:24:01,2026-05-08T16:24:02
konex_001,KONEX,217910,01139497,주식회사 에스제이켐,2019,11011,CFS,no_data,013,조회된 데이타가 없습니다.,0,2026-05-08T16:24:03,2026-05-08T16:24:03
konex_001,KONEX,217910,01139497,주식회사 에스제이켐,2020,11011,CFS,no_data,013,조회된 데이타가 없습니다.,0,2026-05-08T16:24:04,2026-05-08T16:24:04
konex_001,KONEX,217910,01139497,주식회사 에스제이켐,2021,11011,CFS,no_data,013,조회된 데이타가 없습니다.,0,2026-05-08T16:24:05,2026-05-08T16:24:05
konex_001,KONEX,217910,01139497,주식회사 에스제이켐,2022,11011,CFS,no_data,013,조회된 데이타가 없습니다.,0,2026-05-08T16:24:06,2026-05-08T16:24:06
konex_001,KONEX,217910,01139497,주식회사 에스제이켐,2023,11011,CFS,no_data,013,조회된 데이타가 없습니다.,0,2026-05-08T16:24:07,2026-05-08T16:24:07
konex_001,KONEX,217950,01066058,(주)파마리서치바이오,2019,11011,CFS,no_data,013,조회된 데이타가 없습니다.,0,2026-05-08T16:24:08,2026-05-08T16:24:09
konex_001,KONEX,217950,01066058,(주)파마리서치바이오,2020,11011,CFS,no_data,013,조회된 데이타가 없습니다.,0,2026-05-08T16:24:10,2026-05-08T16:24:10
konex_001,KONEX,217950,01066058,(주)파마리서치바이오,2021,11011,CFS,no_data,013,조회된 데이타가 없습니다.,0,2026-05-08T16:24:11,2026-05-08T16:24:11
konex_001,KONEX,217950,01066058,(주)파마리서치바이오,2022,11011,CFS,no_data,013,조회된 데이타가 없습니다.,0,2026-05-08T16:24:12,2026-05-08T16:24:12
konex_001,KONEX,217950,01066058,(주)파마리서치바이오,2023,11011,CFS,no_data,013,조회된 데이타가 없습니다.,0,2026-05-08T16:24:13,2026-05-08T16:24:14
konex_001,KONEX,222670,01063237,(주)플럼라인생명과학,2019,11011,CFS,no_data,013,조회된 데이타가 없습니다.,0,2026-05-08T16:24:15,2026-05-08T16:24:15
konex_001,KONEX,222670,01063237,(주)플럼라인생명과학,2020,11011,CFS,no_data,013,조회된 데이타가 없습니다.,0,2026-05-08T16:24:16,2026-05-08T16:24:16
konex_001,KONEX,222670,01063237,(주)플럼라인생명과학,2021,11011,CFS,no_data,013,조회된 데이타가 없습니다.,0,2026-05-08T16:24:17,2026-05-08T16:24:17
konex_001,KONEX,222670,01063237,(주)플럼라인생명과학,2022,11011,CFS,no_data,013,조회된 데이타가 없습니다.,0,2026-05-08T16:24:18,2026-05-08T16:24:18
konex_001,KONEX,222670,01063237,(주)플럼라인생명과학,2023,11011,CFS,no_data,013,조회된 데이타가 없습니다.,0,2026-05-08T16:24:19,2026-05-08T16:24:19
konex_001,KONEX,223220,01060735,(주)로지스몬,2019,11011,CFS,no_data,013,조회된 데이타가 없습니다.,0,2026-05-08T16:24:20,2026-05-08T16:24:20
konex_001,KONEX,223220,01060735,(주)로지스몬,2020,11011,CFS,no_data,013,조회된 데이타가 없습니다.,0,2026-05-08T16:24:21,2026-05-08T16:24:22
konex_001,KONEX,223220,01060735,(주)로지스몬,2021,11011,CFS,no_data,013,조회된 데이타가 없습니다.,0,2026-05-08T16:24:23,2026-05-08T16:24:23
konex_001,KONEX,223220,01060735,(주)로지스몬,2022,11011,CFS,no_data,013,조회된 데이타가 없습니다.,0,2026-05-08T16:24:24,2026-05-08T16:24:24
konex_001,KONEX,223220,01060735,(주)로지스몬,2023,11011,CFS,no_data,013,조회된 데이타가 없습니다.,0,2026-05-08T16:24:25,2026-05-08T16:24:25
konex_001,KONEX,224760,00929228,(주)엔에스컴퍼니,2019,11011,CFS,no_data,013,조회된 데이타가 없습니다.,0,2026-05-08T16:24:26,2026-05-08T16:24:26
konex_001,KONEX,224760,00929228,(주)엔에스컴퍼니,2020,11011,CFS,no_data,013,조회된 데이타가 없습니다.,0,2026-05-08T16:24:27,2026-05-08T16:24:27
konex_001,KONEX,224760,00929228,(주)엔에스컴퍼니,2021,11011,CFS,no_data,013,조회된 데이타가 없습니다.,0,2026-05-08T16:24:28,2026-05-08T16:24:29
konex_001,KONEX,224760,00929228,(주)엔에스컴퍼니,2022,11011,CFS,no_data,013,조회된 데이타가 없습니다.,0,2026-05-08T16:24:30,2026-05-08T16:24:30
konex_001,KONEX,224760,00929228,(주)엔에스컴퍼니,2023,11011,CFS,no_data,013,조회된 데이타가 없습니다.,0,2026-05-08T16:24:31,2026-05-08T16:24:31
konex_001,KONEX,224810,00607797,(주)엄지하우스,2019,11011,CFS,no_data,013,조회된 데이타가 없습니다.,0,2026-05-08T16:24:32,2026-05-08T16:24:32
konex_001,KONEX,224810,00607797,(주)엄지하우스,2020,11011,CFS,no_data,013,조회된 데이타가 없습니다.,0,2026-05-08T16:24:33,2026-05-08T16:24:33
konex_001,KONEX,224810,00607797,(주)엄지하우스,2021,11011,CFS,no_data,013,조회된 데이타가 없습니다.,0,2026-05-08T16:24:34,2026-05-08T16:24:34
konex_001,KONEX,224810,00607797,(주)엄지하우스,2022,11011,CFS,no_data,013,조회된 데이타가 없습니다.,0,2026-05-08T16:24:35,2026-05-08T16:24:36
konex_001,KONEX,224810,00607797,(주)엄지하우스,2023,11011,CFS,no_data,013,조회된 데이타가 없습니다.,0,2026-05-08T16:24:37,2026-05-08T16:24:37
konex_001,KONEX,227420,01109690,도부(주),2019,11011,CFS,no_data,013,조회된 데이타가 없습니다.,0,2026-05-08T16:24:38,2026-05-08T16:24:38
konex_001,KONEX,227420,01109690,도부(주),2020,11011,CFS,no_data,013,조회된 데이타가 없습니다.,0,2026-05-08T16:24:39,2026-05-08T16:24:39
konex_001,KONEX,227420,01109690,도부(주),2021,11011,CFS,no_data,013,조회된 데이타가 없습니다.,0,2026-05-08T16:24:40,2026-05-08T16:24:40
konex_001,KONEX,227420,01109690,도부(주),2022,11011,CFS,no_data,013,조회된 데이타가 없습니다.,0,2026-05-08T16:24:41,2026-05-08T16:24:41
konex_001,KONEX,227420,01109690,도부(주),2023,11011,CFS,no_data,013,조회된 데이타가 없습니다.,0,2026-05-08T16:24:42,2026-05-08T16:24:42
konex_001,KONEX,229500,01065785,(주)노브메타파마,2019,11011,CFS,no_data,013,조회된 데이타가 없습니다.,0,2026-05-08T16:24:43,2026-05-08T16:24:43
konex_001,KONEX,229500,01065785,(주)노브메타파마,2020,11011,CFS,no_data,013,조회된 데이타가 없습니다.,0,2026-05-08T16:24:44,2026-05-08T16:24:45
konex_001,KONEX,229500,01065785,(주)노브메타파마,2021,11011,CFS,no_data,013,조회된 데이타가 없습니다.,0,2026-05-08T16:24:46,2026-05-08T16:24:46
konex_001,KONEX,229500,01065785,(주)노브메타파마,2022,11011,CFS,no_data,013,조회된 데이타가 없습니다.,0,2026-05-08T16:24:47,2026-05-08T16:24:47
konex_001,KONEX,229500,01065785,(주)노브메타파마,2023,11011,CFS,no_data,013,조회된 데이타가 없습니다.,0,2026-05-08T16:24:48,2026-05-08T16:24:49
konex_001,KONEX,232530,00925967,(주)이엠티,2019,11011,CFS,no_data,013,조회된 데이타가 없습니다.,0,2026-05-08T16:24:50,2026-05-08T16:24:50
konex_001,KONEX,232530,00925967,(주)이엠티,2020,11011,CFS,no_data,013,조회된 데이타가 없습니다.,0,2026-05-08T16:24:51,2026-05-08T16:24:51
konex_001,KONEX,232530,00925967,(주)이엠티,2021,11011,CFS,no_data,013,조회된 데이타가 없습니다.,0,2026-05-08T16:24:52,2026-05-08T16:24:52
konex_001,KONEX,232530,00925967,(주)이엠티,2022,11011,CFS,no_data,013,조회된 데이타가 없습니다.,0,2026-05-08T16:24:53,2026-05-08T16:24:53
konex_001,KONEX,232530,00925967,(주)이엠티,2023,11011,CFS,no_data,013,조회된 데이타가 없습니다.,0,2026-05-08T16:24:54,2026-05-08T16:24:54
konex_001,KONEX,233250,01035942,(주)메디안디노스틱,2019,11011,CFS,no_data,013,조회된 데이타가 없습니다.,0,2026-05-08T16:24:55,2026-05-08T16:24:56
konex_001,KONEX,233250,01035942,(주)메디안디노스틱,2020,11011,CFS,no_data,013,조회된 데이타가 없습니다.,0,2026-05-08T16:24:57,2026-05-08T16:24:57
konex_001,KONEX,233250,01035942,(주)메디안디노스틱,2021,11011,CFS,no_data,013,조회된 데이타가 없습니다.,0,2026-05-08T16:24:58,2026-05-08T16:24:58
konex_001,KONEX,233250,01035942,(주)메디안디노스틱,2022,11011,CFS,no_data,013,조회된 데이타가 없습니다.,0,2026-05-08T16:24:59,2026-05-08T16:24:59
konex_001,KONEX,233250,01035942,(주)메디안디노스틱,2023,11011,CFS,no_data,013,조회된 데이타가 없습니다.,0,2026-05-08T16:25:00,2026-05-08T16:25:00
konex_001,KONEX,233990,01063556,(주)질경이,2019,11011,CFS,success,,,0,2026-05-08T16:25:01,2026-05-08T16:25:01
konex_001,KONEX,233990,01063556,(주)질경이,2020,11011,CFS,success,,,0,2026-05-08T16:25:02,2026-05-08T16:25:02
konex_001,KONEX,233990,01063556,(주)질경이,2021,11011,CFS,success,,,0,2026-05-08T16:25:03,2026-05-08T16:25:04
konex_001,KONEX,233990,01063556,(주)질경이,2022,11011,CFS,no_data,013,조회된 데이타가 없습니다.,0,2026-05-08T16:25:05,2026-05-08T16:25:05
konex_001,KONEX,233990,01063556,(주)질경이,2023,11011,CFS,no_data,013,조회된 데이타가 없습니다.,0,2026-05-08T16:25:06,2026-05-08T16:25:06
konex_001,KONEX,234070,00614089,주식회사 에이원큐브텍,2019,11011,CFS,no_data,013,조회된 데이타가 없습니다.,0,2026-05-08T16:25:07,2026-05-08T16:25:07
konex_001,KONEX,234070,00614089,주식회사 에이원큐브텍,2020,11011,CFS,no_data,013,조회된 데이타가 없습니다.,0,2026-05-08T16:25:08,2026-05-08T16:25:08
konex_001,KONEX,234070,00614089,주식회사 에이원큐브텍,2021,11011,CFS,no_data,013,조회된 데이타가 없습니다.,0,2026-05-08T16:25:09,2026-05-08T16:25:10
konex_001,KONEX,234070,00614089,주식회사 에이원큐브텍,2022,11011,CFS,no_data,013,조회된 데이타가 없습니다.,0,2026-05-08T16:25:11,2026-05-08T16:25:11
konex_001,KONEX,234070,00614089,주식회사 에이원큐브텍,2023,11011,CFS,no_data,013,조회된 데이타가 없습니다.,0,2026-05-08T16:25:12,2026-05-08T16:25:12
konex_001,KONEX,236030,01085187,(주)씨알푸드,2019,11011,CFS,no_data,013,조회된 데이타가 없습니다.,0,2026-05-08T16:25:13,2026-05-08T16:25:13
konex_001,KONEX,236030,01085187,(주)씨알푸드,2020,11011,CFS,no_data,013,조회된 데이타가 없습니다.,0,2026-05-08T16:25:14,2026-05-08T16:25:14
konex_001,KONEX,236030,01085187,(주)씨알푸드,2021,11011,CFS,no_data,013,조회된 데이타가 없습니다.,0,2026-05-08T16:25:15,2026-05-08T16:25:15
konex_001,KONEX,236030,01085187,(주)씨알푸드,2022,11011,CFS,no_data,013,조회된 데이타가 없습니다.,0,2026-05-08T16:25:16,2026-05-08T16:25:16
konex_001,KONEX,236030,01085187,(주)씨알푸드,2023,11011,CFS,no_data,013,조회된 데이타가 없습니다.,0,2026-05-08T16:25:17,2026-05-08T16:25:18
konex_001,KONEX,236340,01023822,(주)메디젠휴먼케어,2019,11011,CFS,no_data,013,조회된 데이타가 없습니다.,0,2026-05-08T16:25:19,2026-05-08T16:25:19
konex_001,KONEX,236340,01023822,(주)메디젠휴먼케어,2020,11011,CFS,success,,,0,2026-05-08T16:25:20,2026-05-08T16:25:20
konex_001,KONEX,236340,01023822,(주)메디젠휴먼케어,2021,11011,CFS,no_data,013,조회된 데이타가 없습니다.,0,2026-05-08T16:25:21,2026-05-08T16:25:21
konex_001,KONEX,236340,01023822,(주)메디젠휴먼케어,2022,11011,CFS,no_data,013,조회된 데이타가 없습니다.,0,2026-05-08T16:25:22,2026-05-08T16:25:22
konex_001,KONEX,236340,01023822,(주)메디젠휴먼케어,2023,11011,CFS,no_data,013,조회된 데이타가 없습니다.,0,2026-05-08T16:25:23,2026-05-08T16:25:23
konex_001,KONEX,238500,01118643,(주)솔루믹스,2019,11011,CFS,no_data,013,조회된 데이타가 없습니다.,0,2026-05-08T16:25:24,2026-05-08T16:25:25
konex_001,KONEX,238500,01118643,(주)솔루믹스,2020,11011,CFS,no_data,013,조회된 데이타가 없습니다.,0,2026-05-08T16:25:26,2026-05-08T16:25:26
konex_001,KONEX,238500,01118643,(주)솔루믹스,2021,11011,CFS,no_data,013,조회된 데이타가 없습니다.,0,2026-05-08T16:25:27,2026-05-08T16:25:27
konex_001,KONEX,238500,01118643,(주)솔루믹스,2022,11011,CFS,no_data,013,조회된 데이타가 없습니다.,0,2026-05-08T16:25:28,2026-05-08T16:25:28
konex_001,KONEX,238500,01118643,(주)솔루믹스,2023,11011,CFS,no_data,013,조회된 데이타가 없습니다.,0,2026-05-08T16:25:29,2026-05-08T16:25:29
konex_001,KONEX,243870,00565215,(주)아이티센코어,2019,11011,CFS,no_data,013,조회된 데이타가 없습니다.,0,2026-05-08T16:25:30,2026-05-08T16:25:31
konex_001,KONEX,243870,00565215,(주)아이티센코어,2020,11011,CFS,no_data,013,조회된 데이타가 없습니다.,0,2026-05-08T16:25:32,2026-05-08T16:25:32
konex_001,KONEX,243870,00565215,(주)아이티센코어,2021,11011,CFS,no_data,013,조회된 데이타가 없습니다.,0,2026-05-08T16:25:33,2026-05-08T16:25:33
konex_001,KONEX,243870,00565215,(주)아이티센코어,2022,11011,CFS,no_data,013,조회된 데이타가 없습니다.,0,2026-05-08T16:25:34,2026-05-08T16:25:34
konex_001,KONEX,243870,00565215,(주)아이티센코어,2023,11011,CFS,no_data,013,조회된 데이타가 없습니다.,0,2026-05-08T16:25:35,2026-05-08T16:25:35
konex_001,KONEX,244880,01117422,(주)나눔테크,2019,11011,CFS,no_data,013,조회된 데이타가 없습니다.,0,2026-05-08T16:25:36,2026-05-08T16:25:36
konex_001,KONEX,244880,01117422,(주)나눔테크,2020,11011,CFS,no_data,013,조회된 데이타가 없습니다.,0,2026-05-08T16:25:37,2026-05-08T16:25:37
konex_001,KONEX,244880,01117422,(주)나눔테크,2021,11011,CFS,no_data,013,조회된 데이타가 없습니다.,0,2026-05-08T16:25:38,2026-05-08T16:25:38
konex_001,KONEX,244880,01117422,(주)나눔테크,2022,11011,CFS,no_data,013,조회된 데이타가 없습니다.,0,2026-05-08T16:25:39,2026-05-08T16:25:40
konex_001,KONEX,244880,01117422,(주)나눔테크,2023,11011,CFS,no_data,013,조회된 데이타가 없습니다.,0,2026-05-08T16:25:41,2026-05-08T16:25:41
konex_001,KONEX,245450,01116380,(주)씨앤에스링크,2019,11011,CFS,no_data,013,조회된 데이타가 없습니다.,0,2026-05-08T16:25:42,2026-05-08T16:25:42
konex_001,KONEX,245450,01116380,(주)씨앤에스링크,2020,11011,CFS,no_data,013,조회된 데이타가 없습니다.,0,2026-05-08T16:25:43,2026-05-08T16:25:43
konex_001,KONEX,245450,01116380,(주)씨앤에스링크,2021,11011,CFS,no_data,013,조회된 데이타가 없습니다.,0,2026-05-08T16:25:44,2026-05-08T16:25:44
konex_001,KONEX,245450,01116380,(주)씨앤에스링크,2022,11011,CFS,no_data,013,조회된 데이타가 없습니다.,0,2026-05-08T16:25:45,2026-05-08T16:25:45
konex_001,KONEX,245450,01116380,(주)씨앤에스링크,2023,11011,CFS,no_data,013,조회된 데이타가 없습니다.,0,2026-05-08T16:25:46,2026-05-08T16:25:46
konex_001,KONEX,250030,01158632,주식회사 진코스텍,2019,11011,CFS,no_data,013,조회된 데이타가 없습니다.,0,2026-05-08T16:25:47,2026-05-08T16:25:47
konex_001,KONEX,250030,01158632,주식회사 진코스텍,2020,11011,CFS,success,,,0,2026-05-08T16:25:48,2026-05-08T16:25:49
konex_001,KONEX,250030,01158632,주식회사 진코스텍,2021,11011,CFS,success,,,0,2026-05-08T16:25:50,2026-05-08T16:25:50
konex_001,KONEX,250030,01158632,주식회사 진코스텍,2022,11011,CFS,success,,,0,2026-05-08T16:25:51,2026-05-08T16:25:51
konex_001,KONEX,250030,01158632,주식회사 진코스텍,2023,11011,CFS,no_data,013,조회된 데이타가 없습니다.,0,2026-05-08T16:25:52,2026-05-08T16:25:52
konex_001,KONEX,251280,01115044,(주)안지오랩,2019,11011,CFS,no_data,013,조회된 데이타가 없습니다.,0,2026-05-08T16:25:54,2026-05-08T16:25:54
konex_001,KONEX,251280,01115044,(주)안지오랩,2020,11011,CFS,no_data,013,조회된 데이타가 없습니다.,0,2026-05-08T16:25:55,2026-05-08T16:25:55
konex_001,KONEX,251280,01115044,(주)안지오랩,2021,11011,CFS,no_data,013,조회된 데이타가 없습니다.,0,2026-05-08T16:25:56,2026-05-08T16:25:56
konex_001,KONEX,251280,01115044,(주)안지오랩,2022,11011,CFS,no_data,013,조회된 데이타가 없습니다.,0,2026-05-08T16:25:57,2026-05-08T16:25:57
konex_001,KONEX,251280,01115044,(주)안지오랩,2023,11011,CFS,no_data,013,조회된 데이타가 없습니다.,0,2026-05-08T16:25:58,2026-05-08T16:25:58
konex_001,KONEX,253610,01262023,(주)루트락,2019,11011,CFS,no_data,013,조회된 데이타가 없습니다.,0,2026-05-08T16:25:59,2026-05-08T16:25:59
konex_001,KONEX,253610,01262023,(주)루트락,2020,11011,CFS,no_data,013,조회된 데이타가 없습니다.,0,2026-05-08T16:26:00,2026-05-08T16:26:00
konex_001,KONEX,253610,01262023,(주)루트락,2021,11011,CFS,no_data,013,조회된 데이타가 없습니다.,0,2026-05-08T16:26:01,2026-05-08T16:26:02
konex_001,KONEX,253610,01262023,(주)루트락,2022,11011,CFS,no_data,013,조회된 데이타가 없습니다.,0,2026-05-08T16:26:03,2026-05-08T16:26:03
konex_001,KONEX,253610,01262023,(주)루트락,2023,11011,CFS,no_data,013,조회된 데이타가 없습니다.,0,2026-05-08T16:26:04,2026-05-08T16:26:04
konex_001,KONEX,254160,01366824,(주)제이엠멀티,2019,11011,CFS,no_data,013,조회된 데이타가 없습니다.,0,2026-05-08T16:26:05,2026-05-08T16:26:05
konex_001,KONEX,254160,01366824,(주)제이엠멀티,2020,11011,CFS,no_data,013,조회된 데이타가 없습니다.,0,2026-05-08T16:26:06,2026-05-08T16:26:06
konex_001,KONEX,254160,01366824,(주)제이엠멀티,2021,11011,CFS,no_data,013,조회된 데이타가 없습니다.,0,2026-05-08T16:26:07,2026-05-08T16:26:07
konex_001,KONEX,254160,01366824,(주)제이엠멀티,2022,11011,CFS,no_data,013,조회된 데이타가 없습니다.,0,2026-05-08T16:26:08,2026-05-08T16:26:09
konex_001,KONEX,254160,01366824,(주)제이엠멀티,2023,11011,CFS,no_data,013,조회된 데이타가 없습니다.,0,2026-05-08T16:26:10,2026-05-08T16:26:10
konex_001,KONEX,257990,00425254,(주)나우코스,2019,11011,CFS,no_data,013,조회된 데이타가 없습니다.,0,2026-05-08T16:26:11,2026-05-08T16:26:11
konex_001,KONEX,257990,00425254,(주)나우코스,2020,11011,CFS,success,,,0,2026-05-08T16:26:12,2026-05-08T16:26:12
konex_001,KONEX,257990,00425254,(주)나우코스,2021,11011,CFS,success,,,0,2026-05-08T16:26:13,2026-05-08T16:26:13
konex_001,KONEX,257990,00425254,(주)나우코스,2022,11011,CFS,success,,,0,2026-05-08T16:26:14,2026-05-08T16:26:14
konex_001,KONEX,257990,00425254,(주)나우코스,2023,11011,CFS,success,,,0,2026-05-08T16:26:15,2026-05-08T16:26:16
konex_001,KONEX,258050,01246742,(주)테크트랜스,2019,11011,CFS,no_data,013,조회된 데이타가 없습니다.,0,2026-05-08T16:26:17,2026-05-08T16:26:17
konex_001,KONEX,258050,01246742,(주)테크트랜스,2020,11011,CFS,no_data,013,조회된 데이타가 없습니다.,0,2026-05-08T16:26:18,2026-05-08T16:26:19
konex_001,KONEX,258050,01246742,(주)테크트랜스,2021,11011,CFS,no_data,013,조회된 데이타가 없습니다.,0,2026-05-08T16:26:20,2026-05-08T16:26:20
konex_001,KONEX,258050,01246742,(주)테크트랜스,2022,11011,CFS,no_data,013,조회된 데이타가 없습니다.,0,2026-05-08T16:26:21,2026-05-08T16:26:21
konex_001,KONEX,258050,01246742,(주)테크트랜스,2023,11011,CFS,no_data,013,조회된 데이타가 없습니다.,0,2026-05-08T16:26:22,2026-05-08T16:26:22
konex_001,KONEX,260870,01188730,SK시그넷(주),2019,11011,CFS,no_data,013,조회된 데이타가 없습니다.,0,2026-05-08T16:26:23,2026-05-08T16:26:23
konex_001,KONEX,260870,01188730,SK시그넷(주),2020,11011,CFS,no_data,013,조회된 데이타가 없습니다.,0,2026-05-08T16:26:24,2026-05-08T16:26:24
konex_001,KONEX,260870,01188730,SK시그넷(주),2021,11011,CFS,no_data,013,조회된 데이타가 없습니다.,0,2026-05-08T16:26:25,2026-05-08T16:26:25
konex_001,KONEX,260870,01188730,SK시그넷(주),2022,11011,CFS,no_data,013,조회된 데이타가 없습니다.,0,2026-05-08T16:26:26,2026-05-08T16:26:27
konex_001,KONEX,260870,01188730,SK시그넷(주),2023,11011,CFS,no_data,013,조회된 데이타가 없습니다.,0,2026-05-08T16:26:28,2026-05-08T16:26:28
konex_001,KONEX,266170,00990396,(주)레드우즈,2019,11011,CFS,no_data,013,조회된 데이타가 없습니다.,0,2026-05-08T16:26:29,2026-05-08T16:26:29
konex_001,KONEX,266170,00990396,(주)레드우즈,2020,11011,CFS,no_data,013,조회된 데이타가 없습니다.,0,2026-05-08T16:26:30,2026-05-08T16:26:30
konex_001,KONEX,266170,00990396,(주)레드우즈,2021,11011,CFS,no_data,013,조회된 데이타가 없습니다.,0,2026-05-08T16:26:31,2026-05-08T16:26:31
konex_001,KONEX,266170,00990396,(주)레드우즈,2022,11011,CFS,no_data,013,조회된 데이타가 없습니다.,0,2026-05-08T16:26:32,2026-05-08T16:26:32
konex_001,KONEX,266170,00990396,(주)레드우즈,2023,11011,CFS,success,,,0,2026-05-08T16:26:33,2026-05-08T16:26:34
konex_001,KONEX,266350,01208821,(주)팡스카이,2019,11011,CFS,no_data,013,조회된 데이타가 없습니다.,0,2026-05-08T16:26:35,2026-05-08T16:26:35
konex_001,KONEX,266350,01208821,(주)팡스카이,2020,11011,CFS,no_data,013,조회된 데이타가 없습니다.,0,2026-05-08T16:26:36,2026-05-08T16:26:36
konex_001,KONEX,266350,01208821,(주)팡스카이,2021,11011,CFS,no_data,013,조회된 데이타가 없습니다.,0,2026-05-08T16:26:37,2026-05-08T16:26:37
konex_001,KONEX,266350,01208821,(주)팡스카이,2022,11011,CFS,no_data,013,조회된 데이타가 없습니다.,0,2026-05-08T16:26:38,2026-05-08T16:26:39
konex_001,KONEX,266350,01208821,(주)팡스카이,2023,11011,CFS,success,,,0,2026-05-08T16:26:40,2026-05-08T16:26:40
konex_001,KONEX,266470,01130885,(주)바이오인프라생명과학,2019,11011,CFS,no_data,013,조회된 데이타가 없습니다.,0,2026-05-08T16:26:41,2026-05-08T16:26:41
konex_001,KONEX,266470,01130885,(주)바이오인프라생명과학,2020,11011,CFS,no_data,013,조회된 데이타가 없습니다.,0,2026-05-08T16:26:42,2026-05-08T16:26:42
konex_001,KONEX,266470,01130885,(주)바이오인프라생명과학,2021,11011,CFS,no_data,013,조회된 데이타가 없습니다.,0,2026-05-08T16:26:43,2026-05-08T16:26:43
konex_001,KONEX,266470,01130885,(주)바이오인프라생명과학,2022,11011,CFS,no_data,013,조회된 데이타가 없습니다.,0,2026-05-08T16:26:44,2026-05-08T16:26:44
konex_001,KONEX,266470,01130885,(주)바이오인프라생명과학,2023,11011,CFS,no_data,013,조회된 데이타가 없습니다.,0,2026-05-08T16:26:45,2026-05-08T16:26:45
konex_001,KONEX,267080,01575361,세븐브로이맥주 주식회사,2019,11011,CFS,no_data,013,조회된 데이타가 없습니다.,0,2026-05-08T16:26:46,2026-05-08T16:26:47
konex_001,KONEX,267080,01575361,세븐브로이맥주 주식회사,2020,11011,CFS,no_data,013,조회된 데이타가 없습니다.,0,2026-05-08T16:26:48,2026-05-08T16:26:48
konex_001,KONEX,267080,01575361,세븐브로이맥주 주식회사,2021,11011,CFS,no_data,013,조회된 데이타가 없습니다.,0,2026-05-08T16:26:49,2026-05-08T16:26:49
konex_001,KONEX,267080,01575361,세븐브로이맥주 주식회사,2022,11011,CFS,no_data,013,조회된 데이타가 없습니다.,0,2026-05-08T16:26:50,2026-05-08T16:26:50
konex_001,KONEX,267080,01575361,세븐브로이맥주 주식회사,2023,11011,CFS,success,,,0,2026-05-08T16:26:51,2026-05-08T16:26:51
konex_001,KONEX,270210,01187458,(주)에스알바이오텍,2019,11011,CFS,no_data,013,조회된 데이타가 없습니다.,0,2026-05-08T16:26:52,2026-05-08T16:26:52
konex_001,KONEX,270210,01187458,(주)에스알바이오텍,2020,11011,CFS,no_data,013,조회된 데이타가 없습니다.,0,2026-05-08T16:26:53,2026-05-08T16:26:54
konex_001,KONEX,270210,01187458,(주)에스알바이오텍,2021,11011,CFS,no_data,013,조회된 데이타가 없습니다.,0,2026-05-08T16:26:55,2026-05-08T16:26:55
konex_001,KONEX,270210,01187458,(주)에스알바이오텍,2022,11011,CFS,no_data,013,조회된 데이타가 없습니다.,0,2026-05-08T16:26:56,2026-05-08T16:26:56
konex_001,KONEX,270210,01187458,(주)에스알바이오텍,2023,11011,CFS,no_data,013,조회된 데이타가 없습니다.,0,2026-05-08T16:26:57,2026-05-08T16:26:57
konex_001,KONEX,276240,01119651,(주)엘리비젼,2019,11011,CFS,no_data,013,조회된 데이타가 없습니다.,0,2026-05-08T16:26:58,2026-05-08T16:26:58
konex_001,KONEX,276240,01119651,(주)엘리비젼,2020,11011,CFS,no_data,013,조회된 데이타가 없습니다.,0,2026-05-08T16:26:59,2026-05-08T16:27:00
konex_001,KONEX,276240,01119651,(주)엘리비젼,2021,11011,CFS,no_data,013,조회된 데이타가 없습니다.,0,2026-05-08T16:27:01,2026-05-08T16:27:01
konex_001,KONEX,276240,01119651,(주)엘리비젼,2022,11011,CFS,no_data,013,조회된 데이타가 없습니다.,0,2026-05-08T16:27:02,2026-05-08T16:27:02
konex_001,KONEX,276240,01119651,(주)엘리비젼,2023,11011,CFS,no_data,013,조회된 데이타가 없습니다.,0,2026-05-08T16:27:03,2026-05-08T16:27:03
konex_001,KONEX,278990,01117246,(주)이엠비,2019,11011,CFS,no_data,013,조회된 데이타가 없습니다.,0,2026-05-08T16:27:04,2026-05-08T16:27:04
konex_001,KONEX,278990,01117246,(주)이엠비,2020,11011,CFS,success,,,0,2026-05-08T16:27:05,2026-05-08T16:27:05
konex_001,KONEX,278990,01117246,(주)이엠비,2021,11011,CFS,success,,,0,2026-05-08T16:27:06,2026-05-08T16:27:07
konex_001,KONEX,278990,01117246,(주)이엠비,2022,11011,CFS,success,,,0,2026-05-08T16:27:08,2026-05-08T16:27:08
konex_001,KONEX,278990,01117246,(주)이엠비,2023,11011,CFS,success,,,0,2026-05-08T16:27:09,2026-05-08T16:27:09
konex_001,KONEX,279060,01353848,(주)이노벡스,2019,11011,CFS,no_data,013,조회된 데이타가 없습니다.,0,2026-05-08T16:27:11,2026-05-08T16:27:11
konex_001,KONEX,279060,01353848,(주)이노벡스,2020,11011,CFS,no_data,013,조회된 데이타가 없습니다.,0,2026-05-08T16:27:12,2026-05-08T16:27:12
konex_001,KONEX,279060,01353848,(주)이노벡스,2021,11011,CFS,no_data,013,조회된 데이타가 없습니다.,0,2026-05-08T16:27:13,2026-05-08T16:27:13
konex_001,KONEX,279060,01353848,(주)이노벡스,2022,11011,CFS,no_data,013,조회된 데이타가 없습니다.,0,2026-05-08T16:27:14,2026-05-08T16:27:14
konex_001,KONEX,279060,01353848,(주)이노벡스,2023,11011,CFS,no_data,013,조회된 데이타가 없습니다.,0,2026-05-08T16:27:15,2026-05-08T16:27:15
konex_001,KONEX,289170,01352575,바이오텐(주),2019,11011,CFS,no_data,013,조회된 데이타가 없습니다.,0,2026-05-08T16:27:16,2026-05-08T16:27:16
konex_001,KONEX,289170,01352575,바이오텐(주),2020,11011,CFS,no_data,013,조회된 데이타가 없습니다.,0,2026-05-08T16:27:17,2026-05-08T16:27:18
konex_001,KONEX,289170,01352575,바이오텐(주),2021,11011,CFS,no_data,013,조회된 데이타가 없습니다.,0,2026-05-08T16:27:19,2026-05-08T16:27:19
konex_001,KONEX,289170,01352575,바이오텐(주),2022,11011,CFS,no_data,013,조회된 데이타가 없습니다.,0,2026-05-08T16:27:20,2026-05-08T16:27:20
konex_001,KONEX,289170,01352575,바이오텐(주),2023,11011,CFS,no_data,013,조회된 데이타가 없습니다.,0,2026-05-08T16:27:21,2026-05-08T16:27:21
konex_001,KONEX,296160,01156795,(주)프로젠,2019,11011,CFS,no_data,013,조회된 데이타가 없습니다.,0,2026-05-08T16:27:22,2026-05-08T16:27:22
konex_001,KONEX,296160,01156795,(주)프로젠,2020,11011,CFS,no_data,013,조회된 데이타가 없습니다.,0,2026-05-08T16:27:23,2026-05-08T16:27:24
konex_001,KONEX,296160,01156795,(주)프로젠,2021,11011,CFS,no_data,013,조회된 데이타가 없습니다.,0,2026-05-08T16:27:25,2026-05-08T16:27:25
konex_001,KONEX,296160,01156795,(주)프로젠,2022,11011,CFS,no_data,013,조회된 데이타가 없습니다.,0,2026-05-08T16:27:26,2026-05-08T16:27:26
konex_001,KONEX,296160,01156795,(주)프로젠,2023,11011,CFS,no_data,013,조회된 데이타가 없습니다.,0,2026-05-08T16:27:27,2026-05-08T16:27:27
konex_001,KONEX,296520,01229240,(주)가이아코퍼레이션,2019,11011,CFS,no_data,013,조회된 데이타가 없습니다.,0,2026-05-08T16:27:28,2026-05-08T16:27:28
konex_001,KONEX,296520,01229240,(주)가이아코퍼레이션,2020,11011,CFS,no_data,013,조회된 데이타가 없습니다.,0,2026-05-08T16:27:29,2026-05-08T16:27:29
konex_001,KONEX,296520,01229240,(주)가이아코퍼레이션,2021,11011,CFS,no_data,013,조회된 데이타가 없습니다.,0,2026-05-08T16:27:30,2026-05-08T16:27:30
konex_001,KONEX,296520,01229240,(주)가이아코퍼레이션,2022,11011,CFS,no_data,013,조회된 데이타가 없습니다.,0,2026-05-08T16:27:31,2026-05-08T16:27:32
konex_001,KONEX,296520,01229240,(주)가이아코퍼레이션,2023,11011,CFS,no_data,013,조회된 데이타가 없습니다.,0,2026-05-08T16:27:33,2026-05-08T16:27:33
konex_001,KONEX,299480,01188749,(주)지앤이헬스케어,2019,11011,CFS,no_data,013,조회된 데이타가 없습니다.,0,2026-05-08T16:27:34,2026-05-08T16:27:34
konex_001,KONEX,299480,01188749,(주)지앤이헬스케어,2020,11011,CFS,no_data,013,조회된 데이타가 없습니다.,0,2026-05-08T16:27:35,2026-05-08T16:27:35
konex_001,KONEX,299480,01188749,(주)지앤이헬스케어,2021,11011,CFS,no_data,013,조회된 데이타가 없습니다.,0,2026-05-08T16:27:36,2026-05-08T16:27:36
konex_001,KONEX,299480,01188749,(주)지앤이헬스케어,2022,11011,CFS,no_data,013,조회된 데이타가 없습니다.,0,2026-05-08T16:27:37,2026-05-08T16:27:37
konex_001,KONEX,299480,01188749,(주)지앤이헬스케어,2023,11011,CFS,no_data,013,조회된 데이타가 없습니다.,0,2026-05-08T16:27:38,2026-05-08T16:27:39
konex_001,KONEX,302920,00991225,(주)더콘텐츠온,2019,11011,CFS,no_data,013,조회된 데이타가 없습니다.,0,2026-05-08T16:27:40,2026-05-08T16:27:40
konex_001,KONEX,302920,00991225,(주)더콘텐츠온,2020,11011,CFS,no_data,013,조회된 데이타가 없습니다.,0,2026-05-08T16:27:41,2026-05-08T16:27:41
konex_001,KONEX,302920,00991225,(주)더콘텐츠온,2021,11011,CFS,no_data,013,조회된 데이타가 없습니다.,0,2026-05-08T16:27:42,2026-05-08T16:27:42
konex_001,KONEX,302920,00991225,(주)더콘텐츠온,2022,11011,CFS,no_data,013,조회된 데이타가 없습니다.,0,2026-05-08T16:27:43,2026-05-08T16:27:43
konex_001,KONEX,302920,00991225,(주)더콘텐츠온,2023,11011,CFS,no_data,013,조회된 데이타가 없습니다.,0,2026-05-08T16:27:44,2026-05-08T16:27:44
konex_001,KONEX,311060,01264234,(주)엘에이티,2019,11011,CFS,no_data,013,조회된 데이타가 없습니다.,0,2026-05-08T16:27:45,2026-05-08T16:27:45
konex_001,KONEX,311060,01264234,(주)엘에이티,2020,11011,CFS,no_data,013,조회된 데이타가 없습니다.,0,2026-05-08T16:27:46,2026-05-08T16:27:47
konex_001,KONEX,311060,01264234,(주)엘에이티,2021,11011,CFS,no_data,013,조회된 데이타가 없습니다.,0,2026-05-08T16:27:48,2026-05-08T16:27:48
konex_001,KONEX,311060,01264234,(주)엘에이티,2022,11011,CFS,no_data,013,조회된 데이타가 없습니다.,0,2026-05-08T16:27:49,2026-05-08T16:27:49
konex_001,KONEX,311060,01264234,(주)엘에이티,2023,11011,CFS,no_data,013,조회된 데이타가 없습니다.,0,2026-05-08T16:27:50,2026-05-08T16:27:50
konex_001,KONEX,311960,01290132,주식회사 인터로이드,2019,11011,CFS,no_data,013,조회된 데이타가 없습니다.,0,2026-05-08T16:27:51,2026-05-08T16:27:51
konex_001,KONEX,311960,01290132,주식회사 인터로이드,2020,11011,CFS,no_data,013,조회된 데이타가 없습니다.,0,2026-05-08T16:27:52,2026-05-08T16:27:52
konex_001,KONEX,311960,01290132,주식회사 인터로이드,2021,11011,CFS,success,,,0,2026-05-08T16:27:53,2026-05-08T16:27:54
konex_001,KONEX,311960,01290132,주식회사 인터로이드,2022,11011,CFS,success,,,0,2026-05-08T16:27:55,2026-05-08T16:27:55
konex_001,KONEX,311960,01290132,주식회사 인터로이드,2023,11011,CFS,no_data,013,조회된 데이타가 없습니다.,0,2026-05-08T16:27:56,2026-05-08T16:27:56
konex_001,KONEX,317860,01328170,주식회사 노드메이슨,2019,11011,CFS,no_data,013,조회된 데이타가 없습니다.,0,2026-05-08T16:27:57,2026-05-08T16:27:58
konex_001,KONEX,317860,01328170,주식회사 노드메이슨,2020,11011,CFS,no_data,013,조회된 데이타가 없습니다.,0,2026-05-08T16:27:59,2026-05-08T16:27:59
konex_001,KONEX,317860,01328170,주식회사 노드메이슨,2021,11011,CFS,no_data,013,조회된 데이타가 없습니다.,0,2026-05-08T16:28:00,2026-05-08T16:28:00
konex_001,KONEX,317860,01328170,주식회사 노드메이슨,2022,11011,CFS,success,,,0,2026-05-08T16:28:01,2026-05-08T16:28:01
konex_001,KONEX,317860,01328170,주식회사 노드메이슨,2023,11011,CFS,success,,,0,2026-05-08T16:28:02,2026-05-08T16:28:03
konex_001,KONEX,318660,01345724,주식회사 타임기술,2019,11011,CFS,no_data,013,조회된 데이타가 없습니다.,0,2026-05-08T16:28:04,2026-05-08T16:28:04
konex_001,KONEX,318660,01345724,주식회사 타임기술,2020,11011,CFS,no_data,013,조회된 데이타가 없습니다.,0,2026-05-08T16:28:05,2026-05-08T16:28:05
konex_001,KONEX,318660,01345724,주식회사 타임기술,2021,11011,CFS,no_data,013,조회된 데이타가 없습니다.,0,2026-05-08T16:28:06,2026-05-08T16:28:06
konex_001,KONEX,318660,01345724,주식회사 타임기술,2022,11011,CFS,no_data,013,조회된 데이타가 없습니다.,0,2026-05-08T16:28:08,2026-05-08T16:28:08
konex_001,KONEX,318660,01345724,주식회사 타임기술,2023,11011,CFS,no_data,013,조회된 데이타가 없습니다.,0,2026-05-08T16:28:09,2026-05-08T16:28:09
konex_001,KONEX,322970,01293388,주식회사 무진메디,2019,11011,CFS,no_data,013,조회된 데이타가 없습니다.,0,2026-05-08T16:28:10,2026-05-08T16:28:10
konex_001,KONEX,322970,01293388,주식회사 무진메디,2020,11011,CFS,no_data,013,조회된 데이타가 없습니다.,0,2026-05-08T16:28:11,2026-05-08T16:28:11
konex_001,KONEX,322970,01293388,주식회사 무진메디,2021,11011,CFS,no_data,013,조회된 데이타가 없습니다.,0,2026-05-08T16:28:12,2026-05-08T16:28:12
konex_001,KONEX,322970,01293388,주식회사 무진메디,2022,11011,CFS,no_data,013,조회된 데이타가 없습니다.,0,2026-05-08T16:28:13,2026-05-08T16:28:13
konex_001,KONEX,322970,01293388,주식회사 무진메디,2023,11011,CFS,no_data,013,조회된 데이타가 없습니다.,0,2026-05-08T16:28:14,2026-05-08T16:28:14
konex_001,KONEX,327610,01336735,주식회사 펨토바이오메드,2019,11011,CFS,no_data,013,조회된 데이타가 없습니다.,0,2026-05-08T16:28:15,2026-05-08T16:28:15
konex_001,KONEX,327610,01336735,주식회사 펨토바이오메드,2020,11011,CFS,no_data,013,조회된 데이타가 없습니다.,0,2026-05-08T16:28:16,2026-05-08T16:28:17
konex_001,KONEX,327610,01336735,주식회사 펨토바이오메드,2021,11011,CFS,no_data,013,조회된 데이타가 없습니다.,0,2026-05-08T16:28:18,2026-05-08T16:28:18
konex_001,KONEX,327610,01336735,주식회사 펨토바이오메드,2022,11011,CFS,no_data,013,조회된 데이타가 없습니다.,0,2026-05-08T16:28:19,2026-05-08T16:28:19
konex_001,KONEX,327610,01336735,주식회사 펨토바이오메드,2023,11011,CFS,no_data,013,조회된 데이타가 없습니다.,0,2026-05-08T16:28:20,2026-05-08T16:28:20
konex_001,KONEX,331660,01363924,(주)한국미라클피플사,2019,11011,CFS,no_data,013,조회된 데이타가 없습니다.,0,2026-05-08T16:28:21,2026-05-08T16:28:21
konex_001,KONEX,331660,01363924,(주)한국미라클피플사,2020,11011,CFS,no_data,013,조회된 데이타가 없습니다.,0,2026-05-08T16:28:22,2026-05-08T16:28:22
konex_001,KONEX,331660,01363924,(주)한국미라클피플사,2021,11011,CFS,no_data,013,조회된 데이타가 없습니다.,0,2026-05-08T16:28:23,2026-05-08T16:28:23
konex_001,KONEX,331660,01363924,(주)한국미라클피플사,2022,11011,CFS,no_data,013,조회된 데이타가 없습니다.,0,2026-05-08T16:28:24,2026-05-08T16:28:24
konex_001,KONEX,331660,01363924,(주)한국미라클피플사,2023,11011,CFS,no_data,013,조회된 데이타가 없습니다.,0,2026-05-08T16:28:25,2026-05-08T16:28:26
konex_001,KONEX,332190,01860010,오션스바이오 주식회사,2019,11011,CFS,no_data,013,조회된 데이타가 없습니다.,0,2026-05-08T16:28:27,2026-05-08T16:28:27
konex_001,KONEX,332190,01860010,오션스바이오 주식회사,2020,11011,CFS,no_data,013,조회된 데이타가 없습니다.,0,2026-05-08T16:28:28,2026-05-08T16:28:28
konex_001,KONEX,332190,01860010,오션스바이오 주식회사,2021,11011,CFS,no_data,013,조회된 데이타가 없습니다.,0,2026-05-08T16:28:29,2026-05-08T16:28:29
konex_001,KONEX,332190,01860010,오션스바이오 주식회사,2022,11011,CFS,no_data,013,조회된 데이타가 없습니다.,0,2026-05-08T16:28:30,2026-05-08T16:28:30
konex_001,KONEX,332190,01860010,오션스바이오 주식회사,2023,11011,CFS,no_data,013,조회된 데이타가 없습니다.,0,2026-05-08T16:28:31,2026-05-08T16:28:31
konex_001,KONEX,336040,01118139,주식회사 타스컴,2019,11011,CFS,no_data,013,조회된 데이타가 없습니다.,0,2026-05-08T16:28:32,2026-05-08T16:28:33
konex_001,KONEX,336040,01118139,주식회사 타스컴,2020,11011,CFS,no_data,013,조회된 데이타가 없습니다.,0,2026-05-08T16:28:34,2026-05-08T16:28:35
konex_001,KONEX,336040,01118139,주식회사 타스컴,2021,11011,CFS,no_data,013,조회된 데이타가 없습니다.,0,2026-05-08T16:28:36,2026-05-08T16:28:38
konex_001,KONEX,336040,01118139,주식회사 타스컴,2022,11011,CFS,no_data,013,조회된 데이타가 없습니다.,0,2026-05-08T16:28:39,2026-05-08T16:28:41
konex_001,KONEX,336040,01118139,주식회사 타스컴,2023,11011,CFS,no_data,013,조회된 데이타가 없습니다.,0,2026-05-08T16:28:42,2026-05-08T16:28:44
konex_001,KONEX,337840,01396931,주식회사 유엑스엔,2019,11011,CFS,no_data,013,조회된 데이타가 없습니다.,0,2026-05-08T16:28:45,2026-05-08T16:28:48
konex_001,KONEX,337840,01396931,주식회사 유엑스엔,2020,11011,CFS,no_data,013,조회된 데이타가 없습니다.,0,2026-05-08T16:28:49,2026-05-08T16:28:51
konex_001,KONEX,337840,01396931,주식회사 유엑스엔,2021,11011,CFS,no_data,013,조회된 데이타가 없습니다.,0,2026-05-08T16:28:52,2026-05-08T16:28:55
konex_001,KONEX,337840,01396931,주식회사 유엑스엔,2022,11011,CFS,no_data,013,조회된 데이타가 없습니다.,0,2026-05-08T16:28:56,2026-05-08T16:28:59
konex_001,KONEX,337840,01396931,주식회사 유엑스엔,2023,11011,CFS,no_data,013,조회된 데이타가 없습니다.,0,2026-05-08T16:29:00,2026-05-08T16:29:00
konex_001,KONEX,341170,01185867,퓨쳐메디신 주식회사,2019,11011,CFS,no_data,013,조회된 데이타가 없습니다.,0,2026-05-08T16:29:01,2026-05-08T16:29:01
konex_001,KONEX,341170,01185867,퓨쳐메디신 주식회사,2020,11011,CFS,no_data,013,조회된 데이타가 없습니다.,0,2026-05-08T16:29:02,2026-05-08T16:29:02
konex_001,KONEX,341170,01185867,퓨쳐메디신 주식회사,2021,11011,CFS,no_data,013,조회된 데이타가 없습니다.,0,2026-05-08T16:29:03,2026-05-08T16:29:04
konex_001,KONEX,341170,01185867,퓨쳐메디신 주식회사,2022,11011,CFS,no_data,013,조회된 데이타가 없습니다.,0,2026-05-08T16:29:05,2026-05-08T16:29:05
konex_001,KONEX,341170,01185867,퓨쳐메디신 주식회사,2023,11011,CFS,success,,,0,2026-05-08T16:29:06,2026-05-08T16:29:06
konex_001,KONEX,346010,01309069,(주)타이드,2019,11011,CFS,no_data,013,조회된 데이타가 없습니다.,0,2026-05-08T16:29:07,2026-05-08T16:29:07
konex_001,KONEX,346010,01309069,(주)타이드,2020,11011,CFS,no_data,013,조회된 데이타가 없습니다.,0,2026-05-08T16:29:08,2026-05-08T16:29:09
konex_001,KONEX,346010,01309069,(주)타이드,2021,11011,CFS,no_data,013,조회된 데이타가 없습니다.,0,2026-05-08T16:29:10,2026-05-08T16:29:10
konex_001,KONEX,346010,01309069,(주)타이드,2022,11011,CFS,no_data,013,조회된 데이타가 없습니다.,0,2026-05-08T16:29:11,2026-05-08T16:29:11
konex_001,KONEX,346010,01309069,(주)타이드,2023,11011,CFS,no_data,013,조회된 데이타가 없습니다.,0,2026-05-08T16:29:12,2026-05-08T16:29:12
konex_001,KONEX,351020,01547933,(주)미쥬,2019,11011,CFS,no_data,013,조회된 데이타가 없습니다.,0,2026-05-08T16:29:13,2026-05-08T16:29:15
konex_001,KONEX,351020,01547933,(주)미쥬,2020,11011,CFS,no_data,013,조회된 데이타가 없습니다.,0,2026-05-08T16:29:16,2026-05-08T16:29:17
konex_001,KONEX,351020,01547933,(주)미쥬,2021,11011,CFS,no_data,013,조회된 데이타가 없습니다.,0,2026-05-08T16:29:18,2026-05-08T16:29:18
konex_001,KONEX,351020,01547933,(주)미쥬,2022,11011,CFS,no_data,013,조회된 데이타가 없습니다.,0,2026-05-08T16:29:19,2026-05-08T16:29:19
konex_001,KONEX,351020,01547933,(주)미쥬,2023,11011,CFS,no_data,013,조회된 데이타가 없습니다.,0,2026-05-08T16:29:20,2026-05-08T16:29:20
konex_001,KONEX,354390,00533809,주식회사 바스칸바이오제약,2019,11011,CFS,no_data,013,조회된 데이타가 없습니다.,0,2026-05-08T16:29:21,2026-05-08T16:29:21
konex_001,KONEX,354390,00533809,주식회사 바스칸바이오제약,2020,11011,CFS,no_data,013,조회된 데이타가 없습니다.,0,2026-05-08T16:29:23,2026-05-08T16:29:23
konex_001,KONEX,354390,00533809,주식회사 바스칸바이오제약,2021,11011,CFS,no_data,013,조회된 데이타가 없습니다.,0,2026-05-08T16:29:24,2026-05-08T16:29:24
konex_001,KONEX,354390,00533809,주식회사 바스칸바이오제약,2022,11011,CFS,no_data,013,조회된 데이타가 없습니다.,0,2026-05-08T16:29:25,2026-05-08T16:29:25
konex_001,KONEX,354390,00533809,주식회사 바스칸바이오제약,2023,11011,CFS,no_data,013,조회된 데이타가 없습니다.,0,2026-05-08T16:29:26,2026-05-08T16:29:26
konex_001,KONEX,368030,01467336,(주)창대정밀,2019,11011,CFS,no_data,013,조회된 데이타가 없습니다.,0,2026-05-08T16:29:27,2026-05-08T16:29:27
konex_001,KONEX,368030,01467336,(주)창대정밀,2020,11011,CFS,no_data,013,조회된 데이타가 없습니다.,0,2026-05-08T16:29:28,2026-05-08T16:29:29
konex_001,KONEX,368030,01467336,(주)창대정밀,2021,11011,CFS,no_data,013,조회된 데이타가 없습니다.,0,2026-05-08T16:29:30,2026-05-08T16:29:30
konex_001,KONEX,368030,01467336,(주)창대정밀,2022,11011,CFS,no_data,013,조회된 데이타가 없습니다.,0,2026-05-08T16:29:31,2026-05-08T16:29:31
konex_001,KONEX,368030,01467336,(주)창대정밀,2023,11011,CFS,no_data,013,조회된 데이타가 없습니다.,0,2026-05-08T16:29:32,2026-05-08T16:29:32
konex_001,KONEX,379390,01365384,이성씨엔아이(주),2019,11011,CFS,no_data,013,조회된 데이타가 없습니다.,0,2026-05-08T16:29:33,2026-05-08T16:29:33
konex_001,KONEX,379390,01365384,이성씨엔아이(주),2020,11011,CFS,no_data,013,조회된 데이타가 없습니다.,0,2026-05-08T16:29:34,2026-05-08T16:29:35
konex_001,KONEX,379390,01365384,이성씨엔아이(주),2021,11011,CFS,no_data,013,조회된 데이타가 없습니다.,0,2026-05-08T16:29:36,2026-05-08T16:29:37
konex_001,KONEX,379390,01365384,이성씨엔아이(주),2022,11011,CFS,no_data,013,조회된 데이타가 없습니다.,0,2026-05-08T16:29:38,2026-05-08T16:29:38
konex_001,KONEX,379390,01365384,이성씨엔아이(주),2023,11011,CFS,no_data,013,조회된 데이타가 없습니다.,0,2026-05-08T16:29:39,2026-05-08T16:29:39
konex_001,KONEX,390110,01507810,애니메디솔루션(주),2019,11011,CFS,no_data,013,조회된 데이타가 없습니다.,0,2026-05-08T16:29:40,2026-05-08T16:29:41
konex_001,KONEX,390110,01507810,애니메디솔루션(주),2020,11011,CFS,no_data,013,조회된 데이타가 없습니다.,0,2026-05-08T16:29:42,2026-05-08T16:29:42
konex_001,KONEX,390110,01507810,애니메디솔루션(주),2021,11011,CFS,no_data,013,조회된 데이타가 없습니다.,0,2026-05-08T16:29:43,2026-05-08T16:29:43
konex_001,KONEX,390110,01507810,애니메디솔루션(주),2022,11011,CFS,no_data,013,조회된 데이타가 없습니다.,0,2026-05-08T16:29:44,2026-05-08T16:29:44
konex_001,KONEX,390110,01507810,애니메디솔루션(주),2023,11011,CFS,no_data,013,조회된 데이타가 없습니다.,0,2026-05-08T16:29:45,2026-05-08T16:29:45
konex_001,KONEX,402420,01507722,주식회사 켈스,2019,11011,CFS,no_data,013,조회된 데이타가 없습니다.,0,2026-05-08T16:29:46,2026-05-08T16:29:46
konex_001,KONEX,402420,01507722,주식회사 켈스,2020,11011,CFS,no_data,013,조회된 데이타가 없습니다.,0,2026-05-08T16:29:47,2026-05-08T16:29:48
konex_001,KONEX,402420,01507722,주식회사 켈스,2021,11011,CFS,no_data,013,조회된 데이타가 없습니다.,0,2026-05-08T16:29:49,2026-05-08T16:29:49
konex_001,KONEX,402420,01507722,주식회사 켈스,2022,11011,CFS,no_data,013,조회된 데이타가 없습니다.,0,2026-05-08T16:29:50,2026-05-08T16:29:50
konex_001,KONEX,402420,01507722,주식회사 켈스,2023,11011,CFS,no_data,013,조회된 데이타가 없습니다.,0,2026-05-08T16:29:51,2026-05-08T16:29:51
konex_001,KONEX,403360,01466832,(주)라피치,2019,11011,CFS,no_data,013,조회된 데이타가 없습니다.,0,2026-05-08T16:29:52,2026-05-08T16:29:53
konex_001,KONEX,403360,01466832,(주)라피치,2020,11011,CFS,no_data,013,조회된 데이타가 없습니다.,0,2026-05-08T16:29:54,2026-05-08T16:29:54
konex_001,KONEX,403360,01466832,(주)라피치,2021,11011,CFS,no_data,013,조회된 데이타가 없습니다.,0,2026-05-08T16:29:55,2026-05-08T16:29:55
konex_001,KONEX,403360,01466832,(주)라피치,2022,11011,CFS,no_data,013,조회된 데이타가 없습니다.,0,2026-05-08T16:29:56,2026-05-08T16:29:56
konex_001,KONEX,403360,01466832,(주)라피치,2023,11011,CFS,no_data,013,조회된 데이타가 없습니다.,0,2026-05-08T16:29:57,2026-05-08T16:29:57
konex_001,KONEX,403810,01669794,(주)아이엘로보틱스,2019,11011,CFS,no_data,013,조회된 데이타가 없습니다.,0,2026-05-08T16:29:58,2026-05-08T16:29:58
konex_001,KONEX,403810,01669794,(주)아이엘로보틱스,2020,11011,CFS,no_data,013,조회된 데이타가 없습니다.,0,2026-05-08T16:30:00,2026-05-08T16:30:00
konex_001,KONEX,403810,01669794,(주)아이엘로보틱스,2021,11011,CFS,no_data,013,조회된 데이타가 없습니다.,0,2026-05-08T16:30:01,2026-05-08T16:30:01
konex_001,KONEX,403810,01669794,(주)아이엘로보틱스,2022,11011,CFS,no_data,013,조회된 데이타가 없습니다.,0,2026-05-08T16:30:02,2026-05-08T16:30:03
konex_001,KONEX,403810,01669794,(주)아이엘로보틱스,2023,11011,CFS,no_data,013,조회된 데이타가 없습니다.,0,2026-05-08T16:30:04,2026-05-08T16:30:04
konex_001,KONEX,413300,01583953,(주)티엘엔지니어링,2019,11011,CFS,no_data,013,조회된 데이타가 없습니다.,0,2026-05-08T16:30:05,2026-05-08T16:30:05
konex_001,KONEX,413300,01583953,(주)티엘엔지니어링,2020,11011,CFS,no_data,013,조회된 데이타가 없습니다.,0,2026-05-08T16:30:06,2026-05-08T16:30:06
konex_001,KONEX,413300,01583953,(주)티엘엔지니어링,2021,11011,CFS,no_data,013,조회된 데이타가 없습니다.,0,2026-05-08T16:30:07,2026-05-08T16:30:07
konex_001,KONEX,413300,01583953,(주)티엘엔지니어링,2022,11011,CFS,no_data,013,조회된 데이타가 없습니다.,0,2026-05-08T16:30:08,2026-05-08T16:30:08
konex_001,KONEX,413300,01583953,(주)티엘엔지니어링,2023,11011,CFS,no_data,013,조회된 데이타가 없습니다.,0,2026-05-08T16:30:09,2026-05-08T16:30:10
konex_001,KONEX,434190,01020269,(주) 탈로스,2019,11011,CFS,no_data,013,조회된 데이타가 없습니다.,0,2026-05-08T16:30:11,2026-05-08T16:30:11
konex_001,KONEX,434190,01020269,(주) 탈로스,2020,11011,CFS,no_data,013,조회된 데이타가 없습니다.,0,2026-05-08T16:30:12,2026-05-08T16:30:12
konex_001,KONEX,434190,01020269,(주) 탈로스,2021,11011,CFS,no_data,013,조회된 데이타가 없습니다.,0,2026-05-08T16:30:13,2026-05-08T16:30:13
konex_001,KONEX,434190,01020269,(주) 탈로스,2022,11011,CFS,no_data,013,조회된 데이타가 없습니다.,0,2026-05-08T16:30:14,2026-05-08T16:30:14
konex_001,KONEX,434190,01020269,(주) 탈로스,2023,11011,CFS,no_data,013,조회된 데이타가 없습니다.,0,2026-05-08T16:30:15,2026-05-08T16:30:16
konex_001,KONEX,446440,01281541,(주)에피바이오텍,2019,11011,CFS,no_data,013,조회된 데이타가 없습니다.,0,2026-05-08T16:30:17,2026-05-08T16:30:17
konex_001,KONEX,446440,01281541,(주)에피바이오텍,2020,11011,CFS,no_data,013,조회된 데이타가 없습니다.,0,2026-05-08T16:30:18,2026-05-08T16:30:18
konex_001,KONEX,446440,01281541,(주)에피바이오텍,2021,11011,CFS,no_data,013,조회된 데이타가 없습니다.,0,2026-05-08T16:30:19,2026-05-08T16:30:20
konex_001,KONEX,446440,01281541,(주)에피바이오텍,2022,11011,CFS,no_data,013,조회된 데이타가 없습니다.,0,2026-05-08T16:30:21,2026-05-08T16:30:21
konex_001,KONEX,446440,01281541,(주)에피바이오텍,2023,11011,CFS,no_data,013,조회된 데이타가 없습니다.,0,2026-05-08T16:30:22,2026-05-08T16:30:22
konex_001,KONEX,447690,01680131,(주)아이오바이오,2019,11011,CFS,no_data,013,조회된 데이타가 없습니다.,0,2026-05-08T16:30:23,2026-05-08T16:30:24
konex_001,KONEX,447690,01680131,(주)아이오바이오,2020,11011,CFS,no_data,013,조회된 데이타가 없습니다.,0,2026-05-08T16:30:25,2026-05-08T16:30:25
konex_001,KONEX,447690,01680131,(주)아이오바이오,2021,11011,CFS,no_data,013,조회된 데이타가 없습니다.,0,2026-05-08T16:30:26,2026-05-08T16:30:26
konex_001,KONEX,447690,01680131,(주)아이오바이오,2022,11011,CFS,no_data,013,조회된 데이타가 없습니다.,0,2026-05-08T16:30:27,2026-05-08T16:30:27
konex_001,KONEX,447690,01680131,(주)아이오바이오,2023,11011,CFS,no_data,013,조회된 데이타가 없습니다.,0,2026-05-08T16:30:28,2026-05-08T16:30:28
konex_001,KONEX,448780,01206717,(주)마이크로엔엑스,2019,11011,CFS,no_data,013,조회된 데이타가 없습니다.,0,2026-05-08T16:30:29,2026-05-08T16:30:29
konex_001,KONEX,448780,01206717,(주)마이크로엔엑스,2020,11011,CFS,no_data,013,조회된 데이타가 없습니다.,0,2026-05-08T16:30:30,2026-05-08T16:30:31
konex_001,KONEX,448780,01206717,(주)마이크로엔엑스,2021,11011,CFS,no_data,013,조회된 데이타가 없습니다.,0,2026-05-08T16:30:32,2026-05-08T16:30:32
konex_001,KONEX,448780,01206717,(주)마이크로엔엑스,2022,11011,CFS,no_data,013,조회된 데이타가 없습니다.,0,2026-05-08T16:30:33,2026-05-08T16:30:33
konex_001,KONEX,448780,01206717,(주)마이크로엔엑스,2023,11011,CFS,no_data,013,조회된 데이타가 없습니다.,0,2026-05-08T16:30:34,2026-05-08T16:30:34
konex_001,KONEX,456190,01205514,(주)큐라켐,2019,11011,CFS,no_data,013,조회된 데이타가 없습니다.,0,2026-05-08T16:30:35,2026-05-08T16:30:35
konex_001,KONEX,456190,01205514,(주)큐라켐,2020,11011,CFS,no_data,013,조회된 데이타가 없습니다.,0,2026-05-08T16:30:36,2026-05-08T16:30:36
konex_001,KONEX,456190,01205514,(주)큐라켐,2021,11011,CFS,no_data,013,조회된 데이타가 없습니다.,0,2026-05-08T16:30:37,2026-05-08T16:30:38
konex_001,KONEX,456190,01205514,(주)큐라켐,2022,11011,CFS,no_data,013,조회된 데이타가 없습니다.,0,2026-05-08T16:30:39,2026-05-08T16:30:39
konex_001,KONEX,456190,01205514,(주)큐라켐,2023,11011,CFS,no_data,013,조회된 데이타가 없습니다.,0,2026-05-08T16:30:40,2026-05-08T16:30:40
konex_001,KONEX,456570,01579020,(주)아이엠지티,2019,11011,CFS,no_data,013,조회된 데이타가 없습니다.,0,2026-05-08T16:30:41,2026-05-08T16:30:41
konex_001,KONEX,456570,01579020,(주)아이엠지티,2020,11011,CFS,no_data,013,조회된 데이타가 없습니다.,0,2026-05-08T16:30:42,2026-05-08T16:30:42
konex_001,KONEX,456570,01579020,(주)아이엠지티,2021,11011,CFS,no_data,013,조회된 데이타가 없습니다.,0,2026-05-08T16:30:43,2026-05-08T16:30:43
konex_001,KONEX,456570,01579020,(주)아이엠지티,2022,11011,CFS,no_data,013,조회된 데이타가 없습니다.,0,2026-05-08T16:30:44,2026-05-08T16:30:44
konex_001,KONEX,456570,01579020,(주)아이엠지티,2023,11011,CFS,no_data,013,조회된 데이타가 없습니다.,0,2026-05-08T16:30:45,2026-05-08T16:30:46
konex_001,KONEX,476710,01518506,(주)타조이엔터테인먼트,2019,11011,CFS,no_data,013,조회된 데이타가 없습니다.,0,2026-05-08T16:30:47,2026-05-08T16:30:47
konex_001,KONEX,476710,01518506,(주)타조이엔터테인먼트,2020,11011,CFS,no_data,013,조회된 데이타가 없습니다.,0,2026-05-08T16:30:48,2026-05-08T16:30:48
konex_001,KONEX,476710,01518506,(주)타조이엔터테인먼트,2021,11011,CFS,no_data,013,조회된 데이타가 없습니다.,0,2026-05-08T16:30:49,2026-05-08T16:30:49
konex_001,KONEX,476710,01518506,(주)타조이엔터테인먼트,2022,11011,CFS,no_data,013,조회된 데이타가 없습니다.,0,2026-05-08T16:30:50,2026-05-08T16:30:50
konex_001,KONEX,476710,01518506,(주)타조이엔터테인먼트,2023,11011,CFS,no_data,013,조회된 데이타가 없습니다.,0,2026-05-08T16:30:51,2026-05-08T16:30:51
konex_001,KONEX,495810,01867749,(주)유비씨,2019,11011,CFS,no_data,013,조회된 데이타가 없습니다.,0,2026-05-08T16:30:52,2026-05-08T16:30:52
konex_001,KONEX,495810,01867749,(주)유비씨,2020,11011,CFS,no_data,013,조회된 데이타가 없습니다.,0,2026-05-08T16:30:53,2026-05-08T16:30:54
konex_001,KONEX,495810,01867749,(주)유비씨,2021,11011,CFS,no_data,013,조회된 데이타가 없습니다.,0,2026-05-08T16:30:55,2026-05-08T16:30:55
konex_001,KONEX,495810,01867749,(주)유비씨,2022,11011,CFS,no_data,013,조회된 데이타가 없습니다.,0,2026-05-08T16:30:56,2026-05-08T16:30:56
konex_001,KONEX,495810,01867749,(주)유비씨,2023,11011,CFS,no_data,013,조회된 데이타가 없습니다.,0,2026-05-08T16:30:57,2026-05-08T16:30:57
konex_001,KONEX,496320,01872459,(주)본시스템즈,2019,11011,CFS,no_data,013,조회된 데이타가 없습니다.,0,2026-05-08T16:30:58,2026-05-08T16:30:58
konex_001,KONEX,496320,01872459,(주)본시스템즈,2020,11011,CFS,no_data,013,조회된 데이타가 없습니다.,0,2026-05-08T16:30:59,2026-05-08T16:30:59
konex_001,KONEX,496320,01872459,(주)본시스템즈,2021,11011,CFS,no_data,013,조회된 데이타가 없습니다.,0,2026-05-08T16:31:00,2026-05-08T16:31:01
konex_001,KONEX,496320,01872459,(주)본시스템즈,2022,11011,CFS,no_data,013,조회된 데이타가 없습니다.,0,2026-05-08T16:31:02,2026-05-08T16:31:02
konex_001,KONEX,496320,01872459,(주)본시스템즈,2023,11011,CFS,no_data,013,조회된 데이타가 없습니다.,0,2026-05-08T16:31:03,2026-05-08T16:31:03
